1.0256410045346818,0.09207697986997902,1.051939470182911,0.008478170221976522,0.09443792612836496
1.7871606212061306,-0.9679877288006975,3.1939430859898827,0.9370002431087326,-1.729949550723366
0.37368989300117783,0.03330811369228575,0.13964413613123175,0.0011094304377382335,0.012446905441741329
0.6874957607135489,-0.052966744256728475,0.47265042099910126,0.002805475997157679,-0.03641441213529954
1.874648919547224,-0.054307868762627505,3.5143085715595745,0.0029493446095387723,-0.10180818749877209
-0.6163406047595568,1.1547566315196969,0.3798757410753762,1.333462878038717,-0.7117234006209586
-0.4540310923213493,-0.40485108514609874,0.20614423279451763,0.1639044011439737,0.18381498041636682
1.3473953065346636,-1.206048214756779,1.81547411207164,1.4545522963180137,-1.625023704017794
-1.8526898838924808,0.5857984530275522,3.4324598058775337,0.3431598275694733,-1.0853028679240104
-1.757395380403085,-1.0306477242074192,3.088438523062104,1.0622347314139324,1.8112555493450715
0.43354805138169944,0.18791667194801953,0.1879639128568687,0.03531267559601959,0.08147090694519793
-2.2407354270093904,0.8576722625514797,5.020895253854955,0.7356017099501743,-1.9218166234624
0.38436495952411076,0.7163479773008931,0.14773642210997132,0.5131544245830808,0.2753390613004364
-1.2564451901738531,0.25392346668186216,1.57865451591101,0.06447712693173477,-0.3190409183846964
-2.7654192840363585,0.7564872361018649,7.647543816520166,0.5722729383850387,-2.0920043908434627
-0.6823454174935757,-0.5232064025375563,0.4655952687744821,0.27374493965629143,0.3570074911748007
-3.01311468461807,-0.44309667494957644,9.078860102661052,0.1963346633513706,1.3351010979960085
-2.0710889269722568,-0.19407122005565786,4.289409343427094,0.037663638453891576,0.4019387549012691
-1.0777802673757588,-0.8403513265786903,1.1616103047445623,0.7061903520825645,0.9057140774495545
-0.3197841391273102,-1.2179816069596505,0.10226189563739488,1.4834791948920125,0.3894911996544897
-0.05614067386436514,0.5860332480873125,0.0031517752619450107,0.34343496786376554,-0.032900301454544395
-1.1343798942230783,1.5079430619469647,1.2868177444175624,2.2738922780739874,-1.7105802911058225
1.137314734448894,-0.6525725788551057,1.2934848051945584,0.4258509706736031,-0.7421804092292245
0.1331339658114908,0.15115691191438874,0.017724652852695203,0.022848412019494276,0.02012411914298076
0.35532997603199135,0.8130988853191061,0.12625939186689555,0.6611297973071729,0.28891840743207686
1.5354092547600244,0.2723853791087928,2.3574815796027337,0.07419379475224078,0.41822303194495825
-0.43211192912003027,0.845129638082348,0.18672071928783407,0.7142441051652004,-0.3651905982682764
-0.4373935775354506,-0.8069190035061787,0.19131314166926025,0.6511182782194045,0.35294118972490834
-0.0764256709998262,-0.48671967556023643,0.005840883187773675,0.2368960425774618,0.03719787779350878
0.7065397247937889,-0.5904730928200017,0.499198382711683,0.34865847334441835,-0.4171926964991814
0.5690561629438863,1.5990947948293925,0.32382491658441886,2.557104162850457,0.9099747481291552
1.0400832226585797,-1.0025039215656957,1.0817731100558565,1.0050141127545986,-1.0426875094699128
2.126350652832927,-1.3954070459462469,4.521367098803014,1.947160823876431,-2.967124683115468
-0.11583638993221733,0.9542464525297039,0.0134180692325287,0.9105862921655243,-0.11053646416666589
-0.35407238882298664,-0.5584161747100282,0.12536725652681624,0.3118286241777808,0.19771974893697397
-0.22128014625332154,-1.1853568937467143,0.04896490312589137,1.4050709655528593,0.2622959468106559
0.9073265140853123,-1.0793348859499048,0.8232414031622044,1.164963796028494,-0.9793091595995952
0.10966838449308335,1.4773062311833607,0.012027154557322764,2.1824337006931853,0.16201378777544467
0.5274623933533928,-0.5336187690057164,0.2782165764020893,0.28474899063517606,-0.28146383303804645
0.0277498772067,-0.7395872043248535,0.0007700556849869282,0.5469892328010526,-0.020523454103661225
1.1903854803200566,-0.11342492177257633,1.417017591756812,0.012865212879115061,-0.13501937998451313
0.25112106528450506,0.8061788033616658,0.06306178942962465,0.6499242629896474,0.20244847990996906
-0.04365913200893997,1.8904908925163688,0.0019061198077740466,3.573955814687337,-0.0825371914380709
-0.2808516072674558,0.5034062450643542,0.07887762530471322,0.2534178475697926,-0.1413824530347986
0.7158345323493513,-0.8097496300189602,0.5124190777038146,0.6556944633158429,-0.5796467477246826
2.036843166998783,-0.170124763617848,4.148730086949632,0.02894243519602866,-0.34651746231229685
1.4398162767930016,-0.06303974036079749,2.0730709109180614,0.0039740088647567595,-0.09076564425628095
0.8071618584340862,-1.2197669141088467,0.6515102657107678,1.4878313247546187,-0.9845493292485071
1.0371005448455888,-2.063046681086938,1.075577540119017,4.25616160834383,-2.139586836997147
-0.13392737936432042,-1.054459604902369,0.0179365429433946,1.11188505837086,0.141221011530111
-0.2010498417876197,0.147371125256826,0.040421038882826915,0.021718248559463096,-0.029628941416948353
0.13136316880712828,0.1308514273554141,0.01725628211905008,0.017122096040949216,0.017189058140342946
1.6790309801139693,2.2789466230957065,2.8191450321824765,5.193597710919324,3.826421982203805
-0.293927556558323,0.3502374963557936,0.08639340850434615,0.12266630385357453,-0.10294445151896296
2.3944130866008773,-0.014454124257334564,5.7332140292855405,0.00020892170804646745,-0.03460914427711707
0.11289858963117813,-0.10450765392831704,0.012746091540709163,0.01092184972960088,-0.011798766734170246
-1.280663190220524,0.19770645293796613,1.6400982067858103,0.03908784153331221,-0.2531953767467196
-0.6717333098615113,0.9288591326459662,0.4512256395775011,0.8627792882998166,-0.6239456195673674
0.7643312929814161,-0.6911391877874,0.5842023254306433,0.477673376895427,-0.5282593090316692
0.39246400701579776,0.9521825335565058,0.15402799680289614,0.9066515772100864,0.3736973725300406
0.21360645602807582,1.0850353323135495,0.04562771805687429,1.1773016723687748,0.23177055200074284
1.9208998718494217,1.7861934511513327,3.6898563176711248,3.1904870449359084,3.431098771414871
2.170627535024631,-0.20137010128136557,4.711623895807105,0.040549917690067425,-0.4370994865720308
0.3070254318935894,1.4571337789237881,0.09426461582944509,2.1232388496807193,0.44737712780081407
-2.205108793536853,-0.625347578557139,4.862504791333556,0.3910595940072771,1.3789594444933253
0.7289145516304383,0.08856440225427592,0.5313164235786029,0.007843653346657193,0.06455588155959331
1.4689966818652358,-1.8038750174767735,2.1579512513310726,3.25396507867683,-2.6498864151729746
0.5687470011907053,0.2483700427730586,0.32347315136342014,0.06168767814709096,0.14125971701278428
1.4135132605613678,2.125741773910974,1.9980197377828293,4.5187780893501746,3.004764185952407
-1.7773633019472392,-0.32859670064663604,3.159020307108793,0.10797579167585494,0.5840357168702736
0.6346726530611557,0.04274939701834095,0.40280937654368615,0.001827510945431738,0.02713187322239511
-0.26169815257523366,0.5824569260141577,0.06848592306129027,0.3392560706618619,-0.1524279014925546
-1.0471127296358913,-0.5026130667978237,1.0964450685655271,0.2526198949159136,0.5262925403253358
-0.4974477864238379,3.3016463573851382,0.24745430021797626,10.900868669234551,-1.6423966720355647
0.6572092222862559,-0.3349633726090891,0.43192396185810533,0.11220046098965546,-0.2201410176068008
-0.686766558091262,1.3248280162116464,0.4716483053125187,1.7551692725392862,-0.909847576756547
-0.6929825407322694,-1.1317042576093375,0.4802248017597514,1.2807545266911016,0.7842512917956453
-0.03466365103460684,-0.01428662819697171,0.001201568703049,0.00020410774523850717,0.0004952266942810017
-0.0016118757425752236,-0.8944961468961722,2.5981434095024286e-06,0.8001233568120985,0.001441816641008944
1.0410385211701507,0.8478779331530745,1.0837612025601344,0.7188969895279295,0.8826735896624806
-0.1821596052034019,0.7552813572694206,0.03318212176785925,0.5704499286387381,-0.1375817538576872
0.777038540905778,-0.09921247841096353,0.6037888940529803,0.009843115872445905,-0.0770919194641011
-1.430323417814738,1.0915427565524782,2.045825079549233,1.1914655893821828,-1.561259166243061
0.31726880572483057,1.1906945093844086,0.10065949508606029,1.4177534146781774,0.3777702249755044
0.04986733802864728,1.3949575437945652,0.0024867514020633715,1.945906548989366,0.06956281937201512
-0.7532526208900973,0.563148616752212,0.5673895108778005,0.3171363645499297,-0.4241931715192366
0.7570930490220681,-1.0686117916365363,0.5731898848775316,1.141931161224648,-0.8090385595510402
0.10773605368194203,0.2768603572759574,0.011607057262958295,0.07665165743097078,0.0298278423138842
0.35200016395020856,0.5892524387067994,0.12390411542097371,0.3472184365219104,0.20741695503285362
-0.7935120870174807,-0.6285242858454886,0.6296614322428378,0.39504277789758147,0.4987416178024252
0.42814877770682014,-0.4273765447368473,0.1833113758518441,0.18265071099120642,-0.1829807452496453
-0.1408916532597869,0.35561684693978973,0.01985045795827602,0.12646334182739785,-0.050103445492379564
-0.4344342381400727,-0.6680333476108026,0.1887331072683454,0.44626855352009537,0.2902165584214614
0.6401062577042914,-0.5105865654528553,0.4097360211521927,0.2606986408209429,-0.32682965564611444
0.5058353141487439,-0.05664406020840941,0.2558693650399585,0.0032085495568939105,-0.02865256599018114
-1.7806663547347072,-0.6094476790517909,3.1707726668841905,0.3714264735016147,1.0852229770586803
-0.15772946207337807,0.7639420470048555,0.02487858320595721,0.5836074511819688,-0.12049616812931116
-0.17401691392102508,-2.2196954409448666,0.030281886330597453,4.927047850551426,0.3862645504777947
1.1275139083012866,0.4580886192524843,1.2712876134128421,0.20984518308864752,0.5165012894417086
0.6853267009799536,-0.5316042371330066,0.4696726870760668,0.28260306493776594,-0.3643225780613284
-0.10060586981908254,-0.9901349196159159,0.010121541042054183,0.9803671590428163,0.09961338482620659
0.08680299669785801,-0.44321739709405394,0.00753476023572835,0.19644166108682828,-0.038472598256388386
0.2828242246650256,0.1981371524562463,0.07998954205737288,0.03925833118346979,0.05603798652077383
1.0192688394981875,-0.0789910047045875,1.0389089671719818,0.006239578824240165,-0.08051306969604077
1.5400672514415754,0.05643535071813688,2.371807138962809,0.0031849488106791128,0.0869142354646224
-0.6963956541245735,-0.2002746776278588,0.4849669070835926,0.04010994649894277,0.1394704151312408
-0.18333461402146092,-0.14367039568670156,0.03361158069839806,0.020641182596773396,0.026339756539531994
-0.7262083676441843,-1.4271822832193,0.5273785932364308,2.036849269535054,1.0364317162273877
1.039446094237326,-0.509094755954479,1.0804481828252321,0.2591774705403505,-0.5291765556735878
-0.6141978874524715,-0.5135419234330838,0.37723904495107885,0.2637253071233513,0.31541636449087895
-0.3564372700601682,-1.459534680099512,0.12704752748794526,2.130241482413185,0.5202325569328109
-0.042738041513741,-0.8782927043489703,0.001826540192430249,0.7713980745126278,0.03753651005968214
-1.817880024847882,-1.2850010511435108,3.3046877847409357,1.6512277014399277,2.33597774278232
-0.6682966919065773,0.9538179883620743,0.44662046841327463,0.9097687549230742,-0.6374334063033604
1.38064398096275,1.1001085754667939,1.9061778021686704,1.2102388778155784,1.518858283123734
0.4992851349761425,0.32068798489022377,0.24928564600814485,0.10284078365295239,0.16011474382114252
1.1948794679959192,-0.009745176032600443,1.4277369430382107,9.49684559063701e-05,-0.011644310753360199
-0.8547014382235444,1.9914430043562974,0.7305145485013953,3.965845239599636,-1.7020891999635435
-0.31978521508511504,-0.7869553343547605,0.10226258378703329,0.6192986982694129,0.2516566808590157
0.8281561116818215,-0.1799990554265229,0.6858425453159536,0.03239965995444046,-0.14906731784842986
0.00561420804606091,0.867382756875683,3.1519331984455064e-05,0.7523528469252602,0.0048696672526659535
0.06464220911618843,0.17355406166593895,0.0041786151994210345,0.03012101232074454,0.011218917947173487
0.40040146561987777,-0.7257474597408681,0.16032133367054616,0.5267093753203229,-0.2905903465501468
-0.7911111017148754,0.40848012511910614,0.625856775256524,0.1668560126173206,-0.3231531618116062
-0.6659192013745705,1.540114568897802,0.4434483827593458,2.3719528853312624,-1.0255918637457653
-1.048172556639212,0.5615000876222385,1.0986657084915818,0.3152823483997815,-0.5885489823961432
2.475304178549053,1.7619626915342044,6.127130776342401,3.104512526358458,4.361393612802152
-0.7694912759412519,0.6561876115473834,0.5921168237496959,0.43058218154825967,-0.5049306424664386
1.5390057777090582,0.3561528556614362,2.368538783821863,0.12684485659579578,0.5481213026105305
-0.9006380531910674,1.0878107109315582,0.8111489028557959,1.1833321428174222,-0.9797237209337896
-0.4609160532526708,-0.04792537520732128,0.2124436081460189,0.002296841588762525,0.022089574791211923
-0.3271191200547487,-0.49070640088107836,0.10700691870539308,0.2407927718656616,0.1605194460614511
1.6145659516269564,-0.8532864011046848,2.6068232121530595,0.728097682310185,-1.3776871702099263
-0.14833203061258582,-0.2961844201519105,0.022002391305653096,0.08772521074072344,0.04393363647694417
0.43808695481669907,1.235211039713875,0.19192017998056854,1.5257463126310318,0.5411298429442202
0.3448613996467568,1.156705786001993,0.11892938496632013,1.3379682753704882,0.39890317634014927
1.2840030773247102,0.8283427659825171,1.6486639025793257,0.686151737955567,1.0635946606012143
-0.3220386391454986,-1.4744407847769931,0.10370888510268464,2.1739756278137956,0.4748269038302038
0.6378618159536922,0.2460293880473042,0.40686769625174185,0.06053045978293099,0.15693275223782907
1.5795017882701377,1.277566015812878,2.494825899148563,1.632174924759991,2.0179178066095957
0.605171796746016,-1.127955234073984,0.36623290357680127,1.272283010074896,-0.6826066956536259
-1.0684097570744877,0.6213242294721274,1.141499409011966,0.3860437981291328,-0.6638288690748089
-0.4568558004542414,0.03006169977330325,0.20871722240868565,0.0009037057932602206,-0.013733861912947542
-0.18005621798699586,-0.8821721503916251,0.032420241635780576,0.778227702926584,0.15884058101297135
-2.087149832366688,-1.0473249396825595,4.3561944227482945,1.0968895292810767,2.1859240722919058
-0.026747599667711622,-0.36353187699079886,0.0007154340879841669,0.1321554255884533,0.009723605112201675
-0.0475059729755322,1.2650114009344613,0.0022568174683519956,1.6002538444941683,-0.06009559742653264
0.010995304286126464,-0.453078175087637,0.00012089671634451099,0.20527983274074343,-0.004981732400491452
-1.4738376574662166,1.8184717635395222,2.172197440565505,3.30683955479054,-2.6801321641435494
0.4326645264677961,-0.5167413947905106,0.1871985924636022,0.2670216690900424,-0.22357567088334473
1.1196911366931932,0.7652149295559495,1.253708241589295,0.5855538884153167,0.8568043742891028
0.39235723774116543,0.024771757272318902,0.15394420200787742,0.0006136399583586844,0.009719378257361671
0.6930352831219756,-1.111828417751841,0.48029790365195685,1.236162430520562,-0.7705363222797053
-1.7179009060161743,0.7904677212532812,2.9511835228911925,0.6248392183433551,-1.3579452145175526
0.6207103854863363,0.24495383109221672,0.3852813826505962,0.06000237936675424,0.15204538692360475
-0.8375844731495788,0.8254383082238489,0.7015477496612575,0.6813484006834498,-0.6913743105111522
-1.6846856480215515,-1.5515048231341264,2.838165732649795,2.4071672162084568,2.6137979083702785
-0.4081716604005383,-0.20963643914958296,0.1666041043541324,0.0439474366193168,0.0855676534481417
-0.2739588870099319,1.3411047628598707,0.07505347177172061,1.79856198496543,-0.3674075681968088
0.9522328814710135,1.861088239069923,0.9067474605545892,3.463649433604387,1.7721894165613672
1.357071383022654,-0.04842196364329537,1.8416427386190188,0.0023446865630726184,-0.06571206117007951
-0.004198380936918413,-1.8427255522605328,1.7626402491479934e-05,3.3956374609538855,0.007736463830583076
1.6696401296933319,0.7654216566842287,2.787698162682366,0.5858703125212292,1.2779787141363406
0.7286300957107898,-0.19645896893120188,0.5309018163755148,0.03859612647351095,-0.1431459173355847
1.1685045718447253,-0.1664358760867145,1.3654029344220249,0.027700900848752187,-0.1944810821263081
-1.6019694202300916,-1.3654597544082379,2.5663060233523356,1.8644803409086053,2.187424771116888
1.1091549626295223,1.0416936671159958,1.230224731125697,1.085125696109571,1.1553997004214522
0.050396669799926616,-1.4337122279929473,0.0025398243269228356,2.0555307526965008,-0.07225432174227767
0.21199464313941313,0.40234482948642364,0.044941728719807124,0.1618813618144593,0.08529494854596241
-1.3169366379033771,0.7953767894697167,1.7343221082522506,0.632624237227154,-1.047460834990631
0.21510063296125775,-1.4492315733645669,0.046268282300333724,2.100272153236738,-0.31173062873815777
-1.2175242037278053,-1.9491107674035408,1.4823651866630265,3.79903278360842,2.373089535060288
1.3375399255273295,-0.1751100450519447,1.7890130523796541,0.0306635278780941,-0.2342166766178654
-1.7707126187873492,0.09562283212521833,3.1354231783327524,0.009143726023647686,-0.1693205554883084
0.2397737199484894,-0.7373488138426759,0.05749143677793662,0.5436832732752012,-0.17679686799466462
1.2557323425219522,0.11264110799794799,1.5768637160556696,0.012688019211005383,0.14144708241053144
1.114277945973496,-1.078068424641515,1.2416153408829131,1.162231528209038,-1.20126786982843
-0.7468680259279633,0.0007485715108284701,0.5578118481535329,5.603593068240183e-07,-0.0005590841265583725
0.2460045573672347,-0.1362100030648259,0.06051824224544907,0.018553164934919878,-0.033508281512952175
0.5544973201702269,-0.0863655421371291,0.30746727807596314,0.007459006868640223,-0.0478894616700869
1.0805154459203206,-0.9226864133009862,1.1675136288723893,0.8513502172902384,-0.9969769213125363
0.5718621880827317,-1.2069224172445507,0.3270263621587696,1.4566617212474293,-0.6901932943715685
0.29210461275624666,0.5223076800975694,0.08532510479347682,0.27280531268890496,0.15256848263451409
-0.11741835565738912,-0.5690418341922825,0.013787070245285122,0.32380860906091713,0.06681595647112247
0.29661502560867475,0.2752268094271083,0.08798047341683478,0.0757497966274258,0.08163640712641558
-0.12460815959955503,1.0954497161527141,0.015527193438788178,1.200010080619062,-0.13650197306364464
-0.7042194471663947,0.3575668018964846,0.4959250297673426,0.12785401781847985,-0.25180549555659815
0.6106722804734787,-0.44678045398201316,0.372920634138679,0.19961277406037378,-0.27283643870417207
2.456104431407264,0.08282611043402112,6.032448977978399,0.006860164569628662,0.2034295768732267
-0.38273275731341355,0.016156865173484535,0.14648436352072833,0.00026104429223415744,-0.0061837615573888
2.0643909766581046,-0.9923167498587117,4.261710104507403,0.9846925320501569,-2.048529744395022
-1.050517806027677,-0.7117686999061182,1.1035876607812038,0.5066146821660458,0.7477256930245474
-0.4311673930334865,0.671481332886659,0.185905320815293,0.45088718041524417,-0.28952085577139147
0.6999870602595595,2.2688843114749444,0.48998188453082014,5.147836018857133,1.588189659258381
-1.104508276374093,-0.6018576233091877,1.2199385325788699,0.36223259873538405,0.6647567261438391
0.22777809439088964,-0.8895173957285353,0.05188286028434503,0.7912411973036756,-0.20261257732659263
0.3284266667721178,0.032376311226247366,0.1078640754470437,0.0010482255286188313,0.01063324397841312
-0.5117249229567454,-1.1687051914699946,0.26186239677508705,1.3658718245689168,0.5980555740641315
-0.9064237654453552,-0.43590235164403845,0.8216040425641363,0.19001086016880295,0.39511225094367464
-2.0089267852043204,0.19984306805254923,4.035786828311366,0.03993725184865582,-0.401470092248176
-0.16609352144561168,0.9601531097085332,0.027587057866203867,0.9218939940829666,-0.159475211118445
0.6790852037942219,-1.3592625381512071,0.46115671401223984,1.8475946476212617,-0.9230550777302637
0.2100277894878644,-0.7901106166725689,0.04411167235715869,0.624274786578707,-0.16594518627063304
-0.39839202610866153,1.3977243367991232,0.15871620646696447,1.9536333216805488,-0.5568422304787879
-0.7307121548303613,-0.888901364817741,0.5339402532168299,0.7901456363748426,0.6495310317176206
-0.8452183162208656,0.7002807444051203,0.7143940020752352,0.4903931209845895,-0.5918901116679902
-0.8527907324129772,0.8513222552102421,0.7272520332894621,0.7247495822162525,-0.7259997295402099
-0.7755937071464615,-1.0307918368071705,0.6015455985651911,1.0625318108283004,0.7994756620055836
-1.045492987635852,-1.2596676170847771,1.09305558719574,1.5867625055320407,1.3169736604140982
0.9597180787159159,-0.5742212511903427,0.9210587906141688,0.32973004531860267,-0.551090515950245
0.03566823115301644,1.3047476456096325,0.0012722227135850126,1.7023664187238792,0.04653804061995835
-1.1764255356676987,1.0569030322061652,1.383977040971032,1.1170440194865863,-1.243367715811953
0.5426565312237843,-0.46196809227487273,0.29447611087983,0.21341451828008534,-0.25069000248995155
0.8259409262928369,-0.3396066031670011,0.6821784137254694,0.11533264491462895,-0.28049499239491676
-0.5064541078144018,1.0343586584889546,0.25649576332208174,1.06989783439107,-0.523855191545125
-0.1712973405974802,0.1088158983878617,0.029342778895769136,0.011840899741957442,-0.01863987400856634
0.2718626458613996,-1.360018026585549,0.07390929821476076,1.8496490326376511,-0.36973809912674666
0.28253384792946384,0.8193763817976487,0.0798253752258294,0.6713776550478062,0.2315015620518112
0.307135735141373,-0.6344077904247132,0.09433235980083161,0.4024732445515668,-0.19484930309150836
0.7484094999601788,-0.570992038003882,0.5601167796306449,0.3260319074638266,-0.4273358656437287
0.6246932558325374,-0.20869153253825576,0.3902416638826561,0.043552155753165865,-0.1303681929260049
0.43786622260524105,1.3689614767981635,0.1917268288985825,1.8740555249574087,0.5994219907377042
0.17000635168024186,2.204702669717656,0.028902159611626076,4.860713861860161,0.37481345741838795
0.6014795464796334,-1.486951258433425,0.3617776448333455,2.2110240449567464,-0.8943707685598566
0.9444919049123924,0.026208270711122493,0.8920649584450397,0.0006868734536674811,0.024753499528407746
0.45147161195228863,0.1975512667897601,0.2038266163987979,0.039026503010238967,0.08918878886078961
-0.166804716376661,0.4285943308846785,0.02782381340549832,0.1836931004664853,-0.0714915558038636
0.080697365398889,-0.32560705285041036,0.006512064782321808,0.10601995286592993,-0.026275631320324927
-1.3342785597482087,2.959407140371623,1.7802992750037543,8.758090622482547,-3.948673496963614
-0.6568185930828898,0.509912169719212,0.4314106642193868,0.2600104208277545,-0.3349197939108166
-0.35599104370557,-1.0873471148441294,0.12672962319858105,1.1823237481598523,0.3870858342836019
0.5598633485428348,-1.177574259856618,0.31344696904159575,1.3866811374768615,-0.6592806682811764
1.2858578155739278,0.26083366394664803,1.6534303218725532,0.06803420024783292,0.3353950053505808
0.4696823665394846,-0.029495695621319994,0.22060152543813075,0.0008699960601855555,-0.013853608122149887
-0.3979007577552846,-0.044025089368543255,0.15832501302222968,0.0019382084939082204,0.017517616419987486
0.6696418483531873,1.996615099199078,0.4484202050658731,3.9864718543497446,1.337017025477553
-0.3985479230088304,0.04413881086960283,0.1588404469346526,0.0019482346249825688,-0.017591431396159794
-1.9484846291604196,-0.38780152487764863,3.796592350074418,0.15039002269742952,0.7556253103890704
0.7967690703684361,-0.5549273666525653,0.6348409514957819,0.3079443822599506,-0.4421489620497687
-0.4392814209085663,-0.5330608577625462,0.192968166755449,0.2841538780785415,0.23416373102867044
1.447922361743949,-0.8033300011823674,2.096479165638175,0.6453390907996625,-1.1631594725717427
-0.04378310154361341,0.7568167407790007,0.0019169599807783628,0.5727715791233492,-0.03313578421143354
1.031901313886789,1.6296647372904032,1.0648203216012813,2.655807155967799,1.6816531836049358
-2.1709793135524444,-1.3482434921364501,4.713151179872643,1.81776051408829,2.927008731059941
0.32636725559790664,0.45833949792641204,0.10651558552650932,0.21007509535943547,0.14958700407036551
-0.2319364774862186,0.14869106813494148,0.05379452958871519,0.02210903374310981,-0.03448688257688165
0.9876086715001339,0.03553319056544254,0.9753708880222594,0.0012626076317600547,0.0350928871284978
0.6838880839939346,0.8681091709721097,0.467702911428895,0.7536135327258836,0.5936895176336792
1.4731165510462239,-0.4965859172687682,2.170072372966322,0.2465975732296639,-0.7315289337450933
1.3723944743437222,-0.0754211813642924,1.8834665932091816,0.005688354598385488,-0.10350761255283061
-1.1475746911076805,-2.9038428087340677,1.3169276716708884,8.43230305783656,3.3323765142582573
-1.3759489705148245,1.8885863676185255,1.8932355694608052,3.5667584679545365,-2.598598468253042
0.3753989700977115,0.7351051284466706,0.1409243867504225,0.5403795498685962,0.2759577081324261
0.034216604421009586,0.00022253103910148338,0.0011707760181038527,4.952006336358592e-08,7.6142565363316735e-06
-0.28387783164122765,0.19620590637148802,0.08058662329732519,0.03849675769505712,-0.05569850725593975
-0.5376439704058197,1.2025394484882175,0.2890610389137339,1.4461011251703462,-0.6465380836548299
-0.3329205187844479,-0.4560826435839459,0.11083607182770593,0.20801137777852063,0.15183927031054972
1.470630697665863,0.9070901713539612,2.1627546489171827,0.8228125789669587,1.3339946515441232
0.07246376029551321,-1.4420298487953096,0.005250996556165597,2.0794500848166235,-0.10449490530207847
0.6533788819414366,0.4190914112587716,0.42690396336704167,0.17563761099086883,0.27382547771951493
0.3071798463217132,1.844874687599183,0.09435945798623133,3.4035626129441834,0.5667083230195357
0.6181141531503216,0.8666650159746296,0.3820651063247392,0.751108249914305,0.5356979124141681
-1.869873263570554,0.12975388644199362,3.4964260218159944,0.016836071046801775,-0.24262332310225365
1.1875703082821794,0.1290195599500368,1.4103232371134304,0.01664604684970114,0.15321979858429632
-1.6524154563482434,-0.7044696218229113,2.7304768403785733,0.49627744807131563,1.1640764916279804
1.430425918373829,-1.2234674509908634,2.046118307955612,1.4968726036340807,-1.7500795521840935
1.1643454602451468,0.7623437385367461,1.3557003507934828,0.5811679756861827,0.8876314711115735
2.127161202185049,-1.349235601994286,4.524814780081342,1.8204367096888832,-2.8700416251690335
-1.2496167780418692,-0.29175847701001356,1.5615420919637422,0.08512300890720262,0.3645862880076559
0.006523686307402679,-1.662066860911202,4.25584830373932e-05,2.7624662501392168,-0.010842802822514161
-2.0403733277486533,-1.1713137937551399,4.163123316588114,1.3719760034410584,2.3899174232020743
0.221605482121518,-1.4526070807472742,0.04910898970631044,2.110067331037118,-0.3219056924621305
-1.0575211002351141,-2.0854316990673514,1.1183508774424864,4.34902537147494,2.2053880248628888
-1.5607168995680172,0.6391809710595975,2.435837240597204,0.40855231376469,-0.9975805434150095
0.509210673191786,0.6060500902079842,0.2592955096924319,0.36729671184110574,0.30860717442275026
0.01276759661171353,-0.6302440900372969,0.0001630115232394388,0.39720761302694035,-0.008046702308512668
-0.2581630544218496,-0.04104673062235641,0.06664816266841889,0.0016848340947842916,0.010596749351498399
0.8715265352082183,1.299975158232747,0.7595585015720419,1.6899354120222556,1.1329628455113414
-0.6890413988845621,1.4284090047748137,0.4747780493767942,2.0403522849217737,-0.9842329388293427
-0.8577247097856356,-1.0260219947942129,0.7356916777768528,1.0527211338014957,0.8800444177185451
-0.8740059298995001,-0.559291849452446,0.7638863654994898,0.31280737286393756,0.4888243929658963
-0.21907644977258986,-0.5408937713059254,0.04799449084496209,0.29256607183754674,0.11849708712180927
0.36337453039280737,-0.7223811582524791,0.1320410493381933,0.5218345377981932,-0.26249491414460685
1.1777590071184747,1.0975002414769135,1.3871162788486953,1.2045067800418834,1.292590794714136
1.4799060114942444,-0.3182042467952823,2.190121802856803,0.10125394267855294,-0.47091237771533645
-0.2163191186245248,-1.4178596931471044,0.04679396108249123,2.010326109451201,0.3067101591548208
-0.8460848623337226,0.8482860882519322,0.7158595942702743,0.7195892875217649,-0.7177220181982481
1.3499635422874574,-0.6982243021127293,1.8224015655052999,0.48751717606080797,-0.9425773521912879
-1.4526371455132332,-0.5509082096188165,2.110154676524834,0.30349985542540986,0.8002697290604834
-0.7460340480500458,0.4951139048962451,0.556566800849938,0.24513777882160806,-0.36937183071561114
-1.2103159419449818,0.2550872765719531,1.4648646793261686,0.06506951866889611,-0.3087361974223635
0.25360965996100987,-1.2777695245344631,0.06431785962553906,1.632694957829028,-0.32405469462572645
-0.07536270277496747,-0.321694921194073,0.005679536969548089,0.10348762232206084,0.02424379873016551
-0.7065674793407676,-0.35117501179862354,0.499237602861966,0.12332388891176338,0.24812884289401774
-1.7850989974913372,0.8832936624162179,3.186578430844577,0.7802076940646555,-1.5767666312696422
0.29127374087169605,0.38546661918760206,0.08484039212139194,0.14858451450791982,0.11227630415193834
-0.07065013102481608,-0.620709642555618,0.00499144101382368,0.3852804603615231,0.04385321757492117
-0.3432111865838654,1.062950961057548,0.11779391859630486,1.129864745613165,-0.36481666062502116
-0.40178169047146145,-0.34154206633760853,0.16142852679810527,0.11665098307816339,0.1372253487802404
-1.580206421677245,0.2706544541333753,2.497052335110003,0.07325383354223536,-0.42768990647710897
-0.5737047379509704,0.8080878065182596,0.3291371263473917,0.6530059030434922,-0.4636038032799326
-0.2614700149500615,0.31269122077341965,0.06836656871798538,0.09777579954877147,-0.08175937817037902
0.953805614855202,-0.42375112769740286,0.90974515092931,0.17956501822482063,-0.4041762048990066
-1.0788290038906485,-1.744014992488004,1.1638720196356889,3.0415882940229326,1.8814939571161902
1.3244752115453795,-0.1597135174857512,1.7542345859981778,0.02550840766767135,-0.21153659485859697
-0.5133679923556747,1.4745287454567724,0.26354669557529603,2.174235021178323,-0.7569758617258748
0.3361501174505566,-1.5010784228401899,0.11299690146202301,2.2532364315163917,-0.5045876881402261
1.0621657643748814,-1.6519037486594665,1.128196111010076,2.728785994835198,-1.7545956078686142
-0.02100959871650506,1.4399966372878217,0.0004414032382285711,2.073590315400234,-0.030253751502533822
0.18827109997655186,-1.1637379092159772,0.035446007086380786,1.354285921346374,-0.21909821625250467
0.757211262551853,-1.1431831530043213,0.5733688961353712,1.3068677213129014,-0.8656311586144103
0.15218943372015706,0.2508667653642362,0.02316162373606208,0.06293413396431473,0.038179270959990616
-1.0186340222085088,-1.3163925552078761,1.037615271200685,1.7328893594067212,1.3409222433167354
-1.3359253537269855,0.1302290786663222,1.7846965507305714,0.016959612930279134,-0.1739763279828459
-0.0714414800282502,0.781165253538847,0.005103885068626871,0.6102191533364112,-0.05580760185945854
-0.6600045698881523,0.3234571560579762,0.43560603227324485,0.10462453180511397,-0.21348320116128952
-0.8896555712099564,0.26155736430901383,0.7914870353849138,0.06841225482427818,-0.23269596634850637
0.6476047445041819,-1.0862454625036027,0.4193919051043268,1.1799292048096657,-0.7034577152134726
0.1758326875061191,0.030367660050232625,0.030917133995624534,0.0009221947769264946,0.00533962727990461
1.4507597907733683,-1.4238263649545373,2.1047039705247874,2.027281517539651,-2.06563003931905
0.10448271808343618,-0.6370352599220761,0.010916638378102802,0.40581392238398706,-0.06655917547164676
-0.6000695475727623,-0.5843733853915631,0.36008346192417967,0.34149225355399637,0.35066467298547876
-1.8879046295808635,0.13347816761032416,3.564183890392857,0.01781642122860979,-0.2519940505795014
0.5751142470732463,1.5353815350452076,0.330756397186627,2.357396458157778,0.8830197954976897
1.5251457556784014,0.5285973024653573,2.326069576063842,0.27941510817365245,0.8061879323180918
-0.8027031630414815,0.5343449210101796,0.6443323679567992,0.28552449460937507,-0.4289203582500217
-1.1763586842476301,-0.6532909450397575,1.3838197540048156,0.42678905887093943,0.7685044765378599
-0.048686663359690636,-1.0815528119992883,0.002370391189099843,1.169756485143568,0.052657197663536125
-2.2184565183546683,0.9855249388940447,4.921549323830317,0.9712594051821105,-2.1863442246905795
1.1058836742903495,-1.6225501760864356,1.2229787010619237,2.632669073918123,-1.794351750450921
-0.8955595507318738,0.5166781631072006,0.8020269089070756,0.26695632423183097,-0.46271606362525436
1.3084785380974555,1.4369634356962255,1.7121160846616543,2.0648639155279005,1.8802358156392942
0.36128961446362645,0.799135749762278,0.13053018551927584,0.6386179465481181,0.2887194469357145
-0.3927830521382426,0.8603037994161354,0.1542785260470334,0.7401226272898382,-0.33791275210079613
-0.1966577630051346,-0.16877747407465019,0.03867427575018369,0.028485835755019215,0.03319140049717781
-0.30667011125181526,-0.7426324491832861,0.09404655713520074,0.551502954579966,0.2277431758102464
0.6485009117569908,0.83803563737407,0.42055343254964833,0.7023037295089638,0.5434668749219354
0.3278902314254294,-0.05842613129342802,0.10751200386422165,0.0034136128179168886,-0.019157357711094634
-0.39657012392182134,0.498835100636058,0.15726786318736874,0.24883645762658613,-0.19782309767579576
-0.08841353240567416,-0.7918723067733546,0.007816952712449195,0.6270617502345539,0.07001222785606194
0.6332015459794257,0.45152020305326807,0.40094419783073476,0.20387049376526442,0.28590329061427355
-0.4208687139562288,-1.7458328513118924,0.17713047438716994,3.047932344719812,0.7347664269141722
-1.1958826571399575,-0.203913966390252,1.430135329648125,0.04158090568900482,0.24385717595472253
0.23583436201684838,-0.4799720355955517,0.055617846307893896,0.23037315495373753,-0.11319389880060497
0.39456603243069366,1.594011593059912,0.1556823539480992,2.5408729588093983,0.6289428299221789
0.15358093938316503,0.8513334392691569,0.02358710494181541,0.7247686248178513,0.1307485893312578
-0.4813143113188189,-0.4597768288600885,0.23166346628030893,0.21139473235663914,0.22129716774314398
-0.7434680272684187,0.8069876559407484,0.5527447075703941,0.6512290768407437,-0.5999695205922336
-0.2824382919104924,-1.164656498513795,0.07977138873731653,1.3564247595304135,0.3289435921026912
-0.18768295977894486,-1.069412890591881,0.035224893391385036,1.1436439305640822,0.20071057653204116
-1.48393889715593,-0.0341196032279963,2.202074650492358,0.0011641473244358956,0.05063140638555074
-1.0588235446933436,1.0217840789376755,1.121107298796977,1.044042703970514,-1.0818890403720127
-0.46167833329339775,-0.23424373760514638,0.21314688343256966,0.05487012860722867,0.10814525836195998
0.21593789654653006,-0.7013386919385876,0.04662917516493992,0.491875960810129,-0.15144560190391343
4.311170506961049e-05,-1.267235492865841,1.858619114009079e-09,1.6058857943789306,-5.4632682822174624e-05
0.09813033627435769,-1.150100731438683,0.009629562897318521,1.322731692455794,-0.11285977152546271
-0.6971173584364664,0.7167309204924674,0.48597261143343673,0.5137032123899797,-0.4996455660034459
1.8593601204935517,-0.7928344878321317,3.4572200576817953,0.6285865250960386,-1.4741648288269957
-0.6248793406248595,-0.3252375183270803,0.39047419033975916,0.1057794433275579,0.2032342059986916
-0.580308464684145,0.5778474727338134,0.33675791418406953,0.33390770174485523,-0.3353297797237726
-0.49311724607335833,-0.5926476357877477,0.24316461837497302,0.35123122020480685,0.2922447700515408
1.47635910546231,0.3050574729541943,2.179636208281472,0.09306006180519898,0.4503743778852471
-0.2624897704523992,-0.5931597553448161,0.06890087959215321,0.35183849536072215,0.15569836802206205
-0.6983586298190037,0.34822193726396944,0.4877047758426762,0.12125851759187187,-0.24318379498058473
-0.4747782348876232,0.1160719919233733,0.22541437232300712,0.013472707309059636,-0.05510845544526963
0.46296327649554414,1.628774986658582,0.21433499538348966,2.6529079571646634,0.7540630044974432
-1.1980968784840769,-0.03524480796841511,1.4354361302332888,0.001242196488730457,0.04222669440972886
0.07832871322862539,1.6222738021524166,0.006135387316052235,2.631772289150058,0.1270706194271084
-0.34001186960905355,-0.32183312985271045,0.11560807147504404,0.10357656347079158,0.10942708418335338
-0.9950681311896051,2.0732053706142715,0.9901605857091732,4.298180508743859,-2.062980593709396
0.7012058751799175,-0.13001003484012105,0.49168967938683406,0.01690260915912949,-0.09116380026223865
0.26101242130390256,0.6858733255395539,0.06812748407492593,0.47042221868668693,0.17902145740683878
1.3608369384206955,1.2028722153511182,1.851877172970212,1.4469015664637068,1.6369129428497353
-0.2877594239730002,2.034060254589624,0.08280548608527288,4.137401119301205,-0.5853200071870843
0.8580978970778492,-0.46159077164420265,0.7363320009694271,0.21306604046709043,-0.39609007045843203
-0.9847960760240895,0.36969203645547494,0.9698233113524443,0.1366722018185962,-0.36407126683870633
-0.5555374685029484,-0.402257828660893,0.3086218789106644,0.16181136071897634,0.22346929581976524
0.45462230908181345,-1.5661931558844722,0.20668144391487991,2.4529610015393626,-0.7120263489963313
-0.9112888469393,0.2839673102698751,0.830447362555959,0.08063743330190751,-0.2587762427442889
-0.5148001999311491,1.066550857222228,0.2650192458491511,1.1375307310414693,-0.5490605945347414
-0.136186311676877,-1.3479053362093039,0.018546711488151485,1.8168487953815164,0.18356625622792594
-0.7646105554151998,0.9889093443003927,0.5846293014523404,0.9779416912446326,-0.7561305230008043
-0.4157079106542402,0.9241671251675092,0.17281306698051374,0.8540848752403787,-0.38418358469872094
-0.7226387432604732,-0.6376227131092991,0.522206753261076,0.4065627242728635,0.4607708760756371
-2.4634107547949506,0.6618620458201024,6.068392546839428,0.43806136769717136,-1.6304380818638287
-1.9821325761928081,0.06383024005749385,3.928849549604738,0.004074299545797293,-0.12651999816416568
1.298229783301868,-0.22107398005905526,1.685400570252015,0.048873704659151564,-0.28700482522574877
-1.8487258385362633,-0.825102704172614,3.4177872260716096,0.6807944724329602,1.5253886886500543
0.8595738122798907,-0.43865726343623507,0.7388671387573849,0.19242019476536654,-0.3770582962161489
0.7086628706520436,0.10271757054848865,0.5022030642407951,0.010550899299383742,0.07279212841129577
-1.405137726342576,0.29178767671127054,1.9744120299911838,0.08514004828056093,-0.4100018726288573
0.6243560221476886,0.3465658680911403,0.389820442392085,0.12010790092576568,0.21638048681354494
2.6588447337207715,-0.8852079816490137,7.06945531803468,0.7835931707751206,-2.353630580255073
2.0803295591991313,2.157587938574973,4.327771074877652,4.655185712684203,4.488493965189036
0.28154538655524564,1.1123667907181214,0.07926780469054269,1.237359877092533,0.3131817380839515
-0.019681879391688323,1.3482435672079547,0.00038737637638896555,1.8177607165176306,-0.026535967280406594
0.9384116309589418,-1.812585547315835,0.8806163891190211,3.285466366338245,-1.7009513597092587
-0.28735707217214146,1.6987804835869877,0.08257408692734532,2.88585513141604,-0.4881565860267314
0.27804612042891497,2.4211451320105737,0.07730964508557069,5.861943750258498,0.6731900109508931
-0.253579550317849,0.426803251769827,0.06430258833940251,0.1821610157212983,-0.10822857665798842
1.7133749897905355,0.36528361843984114,2.9356538556397176,0.13343212190050344,0.6258678160150126
0.3923482095479481,0.37045945050253554,0.1539371175354806,0.13724020446664056,0.14534910211478652
3.4114353889380507,-0.35171891173096326,11.63789141289891,0.12370619286921312,-1.1998663424377864
0.36079600667836575,0.08068590949415697,0.13017375843505535,0.0065102159908992895,0.02911115394070387
-0.9790972383163626,-0.9634433039986922,0.9586314020787282,0.9282230000199163,0.9433046782195114
-0.9770958353696583,-1.4027565764128533,0.9547162714967303,1.9677260126695093,1.3706276088503988
-1.1383944571531142,-0.1479983415483138,1.2959419400769334,0.021903509101051342,0.16848049168645385
0.9461098515419475,0.3997154490363219,0.8951238511847259,0.15977244019830844,0.3781747241467774
-0.3896692226744969,-0.5416502535747388,0.15184210309974663,0.2933849971975789,0.2110644332719126
0.1989784015313902,-1.486497429814154,0.03959240427598715,2.2096746088440855,-0.2957808824649403
0.599894842075732,-0.7636023615639101,0.3598738215490674,0.5830885665859805,-0.45808111809903784
0.45752357320647025,0.39594353428333573,0.20932782003961634,0.15677128234077906,0.1811535005933103
1.6680119150192816,-0.614262366654065,2.782263748646291,0.3773182550874529,-1.024596946526923
2.0373892487796175,-0.4399911222915989,4.150954951042774,0.19359218769542075,-0.8964331821153816
-0.307692108775093,0.620196750622362,0.09467443380246367,0.3846440094825363,-0.19082964605445504
-0.38854807151899906,0.4031106670626275,0.1509696038811332,0.1624982098996765,-0.1566278722959212
0.5941835469918518,0.2351203177713169,0.3530540875158182,0.055281563828885036,0.1397046243832124
0.18173881386228222,1.3356001542237932,0.03302899646406926,1.78382777196262,0.24273038782291337
-0.44632002949062105,0.37297280406615185,0.19920156872450884,0.1391087125729681,-0.16646523291000453
0.4472225600590103,-2.1121944705485243,0.20000801822573505,4.46136548141576,-0.9446210184611968
1.9033827451718637,-0.3341252967754522,3.62286587461798,0.11163971394528402,-0.6359683246078239
-0.1526731522525892,-0.5220648703792371,0.023309091418742284,0.27255172888408963,0.07970528944113751
0.6306935331098881,0.2847577003545651,0.3977743327066335,0.08108694791122029,0.1795948401168675
-0.6439212169955885,0.30768442394062867,0.4146345336970797,0.09466970473567651,-0.1981245287144362
0.22626652423776727,0.10666742756052278,0.051196539990640125,0.011377940102379374,0.024135268083503313
0.8088909619827892,0.39057279304771714,0.6543045883774421,0.15254710666909488,0.3159308022926728
0.496724504839039,-1.4352219191622924,0.24673523370758849,2.0598619572438936,-0.712909897130025
-0.5372742796453743,-1.3805512855843463,0.2886636515684559,1.9059218521285912,0.7417346974758251
0.1402641014830288,0.9999617375984735,0.019674018164841406,0.9999234766609584,0.1402587346416581
0.16604467375915094,1.1159329419805657,0.02757083368378287,1.2453063309974006,0.18529472128825256
-1.0799402449302309,0.8825502815319844,1.1662709326199672,0.778894999432185,-0.9531015672008956
0.06029310318550828,-0.34274275226203893,0.003635258291738349,0.1174725942281574,-0.020665024128220216
-1.4452504669487598,-0.6287291611942013,2.088748912215608,0.395300358135964,0.9086711138002215
1.621620373395802,-0.8026279041006742,2.62965263541234,0.644211552441041,-1.301557761545625
-0.17207108517739314,-0.34052127346302596,0.029608458354125684,0.11595473768088091,0.05859386505077072
0.13530276759364945,-1.1287778281376033,0.018306838918501118,1.2741393852950447,-0.1527267641453665
-0.4262582139093982,0.20264182315811152,0.1816960649252303,0.04106370849284334,-0.08637774160272074
1.8101999313231163,0.4285927913270952,3.276823791362215,0.183691780777551,0.7758386414258904
-0.2874580274844348,0.8459907512777329,0.08263211756524205,0.715700351247463,-0.24318683263237217
-1.1541399078514354,0.7406269230178921,1.3320389268953197,0.5485282390989507,-0.8547870886841622
-0.9581717492595063,-1.5194395027009708,0.9180931010790222,2.3086964023681738,1.4558840061969835
0.06988108731334819,-2.026361716136882,0.0048833663640957935,4.106141804625209,-0.1416043600137875
-0.8537268049073202,-1.5254425129729987,0.7288494574172616,2.3269748603853775,1.3023111626702315
-2.2514929330165967,-0.3547118065607866,5.069220427423677,0.12582046571361688,0.7986311257291611
0.07920370678537125,1.9113099205704887,0.006273227168543064,3.6531056124711676,0.1513828305248362
-0.20231596105063177,0.9777090063573352,0.04093174809584075,0.9559149011122476,-0.1978061372490425
-1.728314905893423,0.22245395086277403,2.987072413933392,0.04948576025445748,-0.38447047915101545
-0.7908429980740727,-1.0840683190702418,0.6254326476027877,1.1752041204117796,0.8573278395706304
-0.5511079296708646,-0.09722070712962326,0.3037199501461067,0.00945186589478398,0.053579102627344145
1.5863291214231237,0.27905740619532765,2.5164400814750594,0.07787303595246409,0.44267688999644983
-0.1043475354597954,-1.6059223957966278,0.010888408156533259,2.578986741321181,0.1675740441410682
-0.4272931854984911,-0.8628120163538396,0.18257946637344794,0.7444445755645784,0.3686736949542083
-0.08848852760084194,0.717352959264088,0.007830219516964967,0.5145952681649444,-0.0634775071353859
-0.0024888687332068086,0.3676001796166916,6.194467571134464e-06,0.13512989205422393,-0.0009149085933691906
-0.8232645625881183,-2.1784070431071214,0.6777645400134058,4.745457245458712,1.7934053214824606
0.36215304972847795,0.6039857898816938,0.13115483142763742,0.3647988343790136,0.2187352957983191
1.3576193028723704,2.233322221050785,1.843130171531661,4.987728143039211,3.0320013568323407
0.4916331168353751,0.5324998739561952,0.24170312156926557,0.2835561157633638,0.26179457274752865
-1.1811023110612933,-1.7494412987425048,1.395002669194328,3.0605448577458616,2.0662691610108426
-0.41066886787087764,0.5705541652253328,0.16864891903834836,0.3255320554559763,-0.23430883309210107
-0.9313885449860881,-1.2974560328943952,0.8674846217313024,1.6833921572940618,1.2084356866609327
0.07100127974565933,0.014052408436221575,0.0050411817255213735,0.0001974701828583913,0.0009977389824804312
-1.100510975229328,-0.44239585114254,1.2111244066002067,0.1957140891081324,0.48686148957828534
-1.48030163689436,-0.7775724975717988,2.191292936192122,0.6046189889800451,1.1510418409595695
-0.6819158537874256,-0.6002424042894919,0.4650092316466336,0.3602909439072299,0.409314811600486
-0.5436739709294108,-1.021400079248087,0.29558138666615386,1.0432581218879986,0.5553086369924224
-1.412631626666572,0.5664038850452416,1.995528112658645,0.3208133609943433,-0.8001200414817257
-0.8993575345436773,-0.17747613576787757,0.8088439749404817,0.03149777876709811,0.15961449990453733
1.0688070232103712,1.4949501242154815,1.142348452863815,2.2348758738918835,1.5978131921107235
-0.06852951117529131,2.517407226312364,0.004696293901924377,6.337339143089709,-0.17251668664833225
0.35843230074923427,0.8591791897507294,0.12847371422038953,0.7381888801007198,0.30795757373821686
-1.6323257107230211,0.9155831571193173,2.664487225887416,0.8382925176005764,-1.494529927670817
-0.6169073603087211,-1.4689272881025133,0.3805746912030742,2.157747377732204,0.9061920557887697
-0.45438001282666174,-0.3259734170828549,0.2064611960563573,0.10625866864467286,0.14811580543525835
1.7210433536084255,-0.5512566032175147,2.961990224999736,0.30388384259091245,-0.9487365131002606
1.1215062382119036,1.4180017587528098,1.2577762423482153,2.0107289878260617,1.590297818236727
0.485045322751636,-0.6366348780493832,0.23526896512323872,0.40530396794895307,-0.3087967698984115
0.2692155714601319,-0.27920469664019865,0.07247702391660539,0.07795526262594535,-0.07516625196034385
0.5796342708912854,-0.40933624988913087,0.335975887991672,0.167556165473297,-0.23726531875385937
0.3339336507758164,-0.2771968233391817,0.11151168312046489,0.07683807886933353,-0.09256534720111198
1.0638655089252953,-3.4738779631332997,1.1318098210808776,12.067828102743164,-3.695738947193176
0.31914056305351846,0.8935634956535623,0.10185069898611679,0.7984557207646139,0.28517235712694805
1.4559304147175072,1.1350962512582816,2.1197333724994922,1.288443499620604,1.6526211558387576
0.25547454066011954,-1.2147151947631853,0.06526724092549907,1.4755330043885633,-0.31032880641499244
-0.295232498160873,0.21697460531103044,0.08716222797030987,0.04707797934987744,-0.06405795476344493
0.7447452044714428,-0.7128310444196625,0.5546454195832111,0.5081280978884268,-0.5308775019299137
0.7041999692411323,-0.598024749061396,0.4958975966792116,0.3576336004899457,-0.42112900989447094
0.5827625960750928,0.6446328206333227,0.33961224338418183,0.4155514734376736,0.37566789606748485
1.1206071520035212,0.4114228459899699,1.255760389121443,0.16926875820248652,0.46104338371400355
1.9587007160030865,-1.1015895151258315,3.8365084948710035,1.2134994598351645,-2.157684172018459
0.007592164752763669,0.7143452571934994,5.764096563310703e-05,0.5102891464748468,0.0054234268829683845
0.1967488476370087,-0.6149594558043344,0.038710109046490866,0.37817513228316313,-0.12099256427298478
0.26610565395998015,-0.8611978154827961,0.0708122190694687,0.74166167739234,-0.22916960787795576
-2.465738296035293,0.2723239422864893,6.079865344535031,0.07416032954245516,-0.6714795734231017
-0.3863802198042275,-1.0253345643038903,0.14928967425596315,1.0513109687562485,0.3961689943286089
1.0612442062406542,-0.1386869801088878,1.1262392652793562,0.019234078451723043,-0.14718075412157003
2.607512967133794,0.41033810051749714,6.799123873770883,0.16837735673630758,1.069961918008424
-0.8041162937884015,0.1558184118343961,0.646603013935995,0.02427937746659347,-0.1252961238282694
-0.8101722408073715,-0.5286020908389399,0.6563790597748376,0.2794201704392989,0.4282587404304457
0.02467821302202578,-0.6291724942624284,0.0006090141979604828,0.3958580275364055,-0.015526852841007502
-0.02442920865605666,-0.23735282971518518,0.0005967862355611537,0.05633636577380569,0.005798341802217745
1.084222173576696,-0.30457262262145746,1.1755377216753748,0.09276448245051273,-0.33022439091059136
-0.13992040994528257,-0.3646662137220159,0.01957772111925593,0.13298144743035098,0.05102424611717849
-2.3289717566643877,1.1096382319657658,5.424109443340404,1.2312970058401107,-2.584316102363275
0.3447189262318759,1.4824597800445758,0.11883113810245749,2.197686999449812,0.5110319435589091
0.215579916176678,0.08561239429311202,0.046474700258743507,0.007329482056599279,0.018456312785393794
2.5605201351203513,-1.2425624126380905,6.5562633623567415,1.5439613493009923,-3.181606076703553
-0.2932650051432739,0.3774355593579179,0.08600436324168448,0.14245760146782435,-0.11068864125635426
-0.08694569221833869,-0.624136427366037,0.00755955339532608,0.38954627996524044,0.05426597371602095
-1.135933913022496,-0.016031023814073498,1.2903458547545994,0.0002569937245273916,0.018210183610877326
-0.474138090493878,0.2867460601947613,0.22480692885718084,0.08222330303721766,-0.13595722943738672
0.9708207681666298,-1.1245199588073038,0.9424929639036451,1.2645451377559802,-1.0917073302280136
-1.473042561620839,0.029956499606086876,2.169854388346483,0.0008973918686494832,-0.04412719891694386
-0.2091732343133146,1.670253546290486,0.04375344195309282,2.7897469088959443,-0.3493723364008645
0.2800715499834521,0.5907588713065326,0.07844007311013329,0.34899604402736834,0.16545475275329527
-0.2896602033783897,0.18472325801953382,0.0839030334212101,0.03412268205335127,-0.05350697648665693
0.2699331018891437,1.146813923724655,0.07286387949549485,1.315182175648739,0.309563039720656
0.25353116484744614,1.0351931005937045,0.06427805154890291,1.0716247555168077,0.2624537126355614
0.3406431645554089,0.6554417455216903,0.11603776555832337,0.42960388177252024,0.2232717503762296
0.6856529404163657,-1.2383720771889697,0.47011995470160833,1.5335654015613236,-0.8490934560541397
-2.3112125650475424,-0.13558255959980087,5.34170352083364,0.018382630467633554,0.31336011534836705
0.8110899921438048,-1.5504693350229943,0.6578669753558374,2.4039551588466463,-1.2575701607630108
0.1928084430361064,0.014075269075166581,0.03717509570600748,0.0001981131995383407,0.0027138307156971257
1.4974335720332115,1.1131789536640568,2.242307302652143,1.2391673828806045,1.6669115368973615
1.5716452726392158,-1.9990100657150418,2.470068863009195,3.9960412428300556,-3.1417347197392536
0.7425384159159908,1.7529162726856231,0.5513632991110289,3.0727154590460577,1.3016076723533456
1.293894385514762,-0.09069757991492572,1.6741626808666235,0.008226051002424337,-0.11735308943169884
0.841458247403953,-0.6551064853003787,0.7080519821241322,0.42916450708261533,-0.5512447549838202
-1.0074284065523127,-0.0655215747353447,1.0149119943285319,0.004293076755799361,0.06600829563042658
-0.797801001829974,1.5101180080949792,0.6364864385209102,2.2804563983727477,-1.2047736597396592
0.8743140999429955,-1.7308900520236847,0.7644251453591303,2.995980372194554,-1.5133415779353725
1.380847004649466,1.155681965609369,1.9067384502494027,1.335600805634735,1.5958199805391047
0.9706963751542037,0.8700255357453253,0.9422514527375105,0.7569444328489402,0.8445306338395813
0.6942891991442696,0.4105171973455714,0.4820374920483912,0.1685243693164628,0.28501765618000685
-1.7868619949973472,1.2118329835277015,3.1928757891658996,1.4685391799656504,-2.1653783025498963
-0.8922452739552821,-0.21724534617619265,0.7961016288955364,0.04719554043521378,0.1938361334144871
-0.1857814426750588,-0.04776754319706105,0.03451474444242616,0.0022817381830830936,0.008874323088193192
0.6356012306165153,1.1744292115617145,0.4039889243612287,1.3792839729694704,0.7464686521406095
-1.2732246556820228,0.8216962829967289,1.6211010238366055,0.6751847814906404,-1.0462039669937082
0.9352394905217019,-0.48341926540296437,0.8746729046312924,0.2336941861627417,-0.45211278748384376
-0.22229770498705037,1.0927669520142587,0.049416269642509676,1.194139611414533,-0.2429195855184639
-0.4704034213679473,-0.37801176043547685,0.2212793788346706,0.14289289102752833,0.17781802542616917
-1.8158362856302712,0.24367901009192547,3.29726141621154,0.059379459959380716,-0.4424811885713833
0.37721373371694855,2.239441272597452,0.14229020090468097,5.015097213412895,0.8447480038763197
1.4751661153083242,1.5877219739024204,2.176115067753852,2.520861066412598,2.342153656431298
-1.1212015397242507,-0.6924709635120871,1.2570928926800307,0.4795160353073583,0.7763995105040875
-0.1814572500707244,-1.0289151077433452,0.03292673360322942,1.0586662989424995,0.18670410600733053
0.9440561629397688,0.5104676219351398,0.8912420387845593,0.26057719304411686,0.48191010446907667
1.6713267499416922,-0.14265806023881134,2.79333310507066,0.020351322151100325,-0.2384282321719187
0.2810145649288114,0.20203217978081858,0.07896918570212914,0.040817001666989004,0.05677398510272614
-0.32448696696811813,-1.4937741983682706,0.10529179173216859,2.2313613557107694,0.4847102589637522
1.0157051830952288,1.1218880257087593,1.0316570189665124,1.2586327422286978,1.1395074825648601
0.49093209182010306,-0.16431581420711688,0.2410143187788621,0.026999686798547754,-0.0806679063878233
-0.23267831736997557,0.3996019091376714,0.05413919937412308,0.1596816857864718,-0.09297869983598325
0.8553529571477314,1.1695485871504037,0.7316286813013688,1.3678438977055054,1.000376842547049
1.7006277300263517,2.485512568065823,2.8921346761345816,6.177772726013163,4.226931596581749
-1.1954680288471502,0.2657712404894042,1.4291438079956909,0.07063435227127672,-0.31772102099212995
0.7510349051374117,0.05550494927833923,0.5640534287347609,0.0030807993943910107,0.04168615431591435
1.3557554768908868,-1.1464275961105361,1.838072913119636,1.3142962331237826,-1.554275492285713
-1.3084783981773545,-0.24220944780616624,1.7121157184967752,0.05866541660656797,0.3169258302888339
0.5854623126723351,-0.35135719041216784,0.34276611955963904,0.12345187525433236,-0.20570639327276177
1.7573333779334634,-0.6834101227037152,3.088220601199037,0.467049395813907,-1.2009794194448424
-0.3491696448239984,0.7994043688130583,0.12191944086651721,0.6390473448774042,-0.2791277395292082
-0.44100034975583513,0.6309924007981346,0.1944813084847689,0.3981514098649937,-0.27826786944525145
1.435400949545379,0.28544067408266516,2.0603758859557755,0.08147637842076627,0.40972181461713064
-1.0961905761565254,0.30564308787968125,1.201633779254375,0.09341769716862655,-0.3350430726010873
0.9801349508644762,-0.8013861868764319,0.9606645219061092,0.6422198205163475,-0.7854666108976016
2.0805190598062326,0.29776633067697217,4.328559558217011,0.08866478768482794,0.6195085263420059
-1.1211626845888414,1.096783566920714,1.2570057653144577,1.2029341926673243,-1.229672808301753
-0.9940538534775818,-0.23048028086713937,0.9881430636136297,0.053121159868595454,0.22910981134657527
0.3179693141709958,-0.07838980635200454,0.10110448475437342,0.006144961739904772,-0.024925552963744053
-0.45862850644019015,0.23805514403622136,0.21034010691955954,0.0566702516021061,-0.10917887515973654
0.31942268440519767,1.4083033170942245,0.1020308513126225,1.9833182329385959,0.4498440260029815
-1.1857049848133987,-2.088899148390958,1.405896311011342,4.363499652148469,2.476818133019622
-1.4994485819467676,-1.248251422481971,2.248346049902172,1.558131613728264,1.8716888253536268
1.1574591497639457,-1.85282474052846,1.3397116833722762,3.432959519114355,-2.1445689488336743
1.7096498789075172,-0.9772536648061795,2.922902708448488,0.9550247253771086,-1.6707616096978122
-1.443575524144718,-0.027461277575007118,2.083910293909697,0.0007541217660515888,0.03964242816902449
1.1107700170383636,0.44771212977043795,1.2338100307514066,0.20044615114358147,0.49730521001339145
-0.7922939426614208,-0.46421474264625484,0.6277296915779788,0.2154953272901286,0.3677945286927581
-0.6066339555451105,0.08779842212806219,0.3680047560203071,0.0077085629281774,-0.053261504106165716
-0.8748568914634696,0.29655769497376344,0.765374580541125,0.08794646644815172,-0.2594455431643185
0.1480239080908736,-0.36472058155467085,0.021911077366495394,0.1330211026095773,-0.053987365842898566
-0.7281718067987238,-1.3085284769597725,0.530234180216518,1.7122467750146617,0.9528335453153798
-1.1692771313750772,0.15894480579715628,1.3672090099567296,0.025263451289895725,-0.18585052656946763
1.2340514614457645,2.6225937433844173,1.5228830094964272,6.877997942839091,3.2364156418020587
-0.5117072663301405,-0.13761886544840402,0.2618443264150654,0.018938952127305928,0.07042057343405825
-0.6864085820043517,0.30299670337217033,0.47115674144922487,0.09180700225440297,-0.20797953751368461
-1.3277690352184843,-0.15542624319799186,1.7629706108850247,0.02415731707464131,0.20637015297863118
-1.3818400193424207,-1.9947713491222627,1.9094818390562618,3.979112735279052,2.756454879654814
-0.29426431057071517,1.6873411214283776,0.08659148447565831,2.8471200600631748,-0.4965242717947389
-0.4913543453917186,-0.13043548565089608,0.2414290927353243,0.017013415916985117,0.06409004266784694
0.8060978051112625,1.2417484837138792,0.649793671405195,1.5419392968057182,1.0009707272219963
-0.5507926839243548,-0.8133277348029774,0.30337258066459416,0.6615020041997423,0.44797496596224773
-1.2110756053940372,0.5803236007450898,1.466704121980534,0.3367754815817464,-0.7028157560968072
0.7347350788654363,0.1755134309556792,0.539835636115399,0.03080496444583397,0.12895587453516427
0.16360468207400441,1.5921508350256481,0.026766491996536062,2.5349442814728684,0.2604833311782318
0.033315348556704094,-1.9278753805557614,0.0011099124494546855,3.7167034829530214,-0.06422784027710374
0.1846977361181925,0.05685196936895728,0.034113253727185475,0.0032321464211288566,0.010500430036307235
-0.9699567003052877,0.08293535410013109,0.9408160004671217,0.006878272959714131,-0.08044370240161376
0.5159182012604708,-0.866330309009327,0.2661715903918397,0.7505282043081959,-0.4469555747215198
-0.42446261435111954,-0.6268652368154333,0.18016851098178724,0.39296002512766925,0.26608085726451247
1.0516833274110402,-0.24662222749145504,1.1060378211543571,0.060822523092847004,-0.25936848482173597
1.0529831563796523,-0.27447479572143857,1.1087735276192554,0.07533641348632543,-0.2890173367454207
0.7481436992068352,-0.5608501974263648,0.5597189946628875,0.31455294395319233,-0.4195965414034444
-1.5518559599845234,-0.35817536718453286,2.4082569205394866,0.12828959365777493,0.5558365782849624
0.3167350131334405,1.129045830240539,0.10032106854464072,1.2747444867835482,0.35760834586949336
0.5552886340184445,0.8683316243225242,0.30834546707007005,0.7539998097985933,0.4821746815450716
0.36103142572724156,-1.0556812342922872,0.13034369036264473,1.114462868436887,-0.3811341011300386
1.2241569931720506,0.8138102597662995,1.498560343932036,0.6622871389008919,0.9962315206080786
-0.5621768756147406,-0.2737889578734513,0.3160428394759515,0.0749603934534305,0.1539178209151127
0.36449218255380106,1.6118154896003254,0.13285455114283343,2.597949172515537,0.587494145678446
1.2754405531972623,-0.8427097472992999,1.6267486047401387,0.71015971819325,-1.0748261862801443
-1.4798913364465405,1.1049908671045314,2.1900783676895275,1.2210048163844243,-1.6352664110805466
-2.069011965968887,-1.881898789175963,4.280810515322438,3.541543052701956,3.893671113547427
-0.5721546087353729,1.1186884402397725,0.32736089629712767,1.251463826326095,-0.6400627468221717
0.6338130184756634,1.3958499947948138,0.4017189423892316,1.9483972079686815,0.88470789854014
-0.9014269813599912,0.5259700911477297,0.812570602723786,0.2766445367819511,-0.47412363154893744
-0.4498997465090578,-0.19104156699304897,0.20240978190891445,0.03649688031915962,0.08594955256286592
1.0140775315354555,-0.531564136094791,1.0283532399650428,0.2825604307822015,-0.5390472469837826
0.45717740340677987,0.33674492122693844,0.20901117818576553,0.11339714197213697,0.15395216869695236
-0.5599689507353587,0.48182556943409044,0.31356522578765855,0.2321558793604855,-0.2698073585534743
-0.2543483767121313,0.1429757856661628,0.06469309673609625,0.02044207528685653,-0.03636565899333012
0.7430975707051841,-0.5394960886775196,0.5521939995879461,0.29105602969834216,-0.4008982329012134
-0.35840534134660484,-0.3538166466962906,0.12845438870577633,0.12518621947940772,0.12680977603329513
1.105359410133923,-0.24261735683873867,1.2218194255716142,0.05886318183941585,-0.2681793784435197
-0.9754353598539277,-0.6634359983140588,0.9514741412533615,0.44014732385897176,0.6471389317555237
0.3740248479165257,0.34529559117023984,0.13989458685898015,0.11922904528160541,0.1291491309736958
-0.9422462358128431,-1.9907104171472818,0.8878279689034718,3.9629279649387046,1.8757393971504408
2.3156437438134976,0.5624949905392483,5.3622059482625914,0.3164006143817491,1.3025380057686429
-1.1299088929752876,-0.3984824149683806,1.27669410642464,0.15878823503903267,0.4502488243670421
0.8490031459374466,0.29930903639175294,0.7208063418116814,0.08958589926575969,0.25411431350410396
2.1357025008361483,-0.21506572720094733,4.561225172077778,0.046253267016472296,-0.459316411427208
0.8002174235876136,1.2402091474981705,0.6403479250131983,1.5381187295381387,0.9924369687207766
-0.3890418629238858,0.050262699308307776,0.15135357110728756,0.002526338941757363,-0.019554294174487164
-0.13235503787155756,-0.027065555046419557,0.017517856049981434,0.0007325442699707672,0.0035822625631835863
-1.1277233777224922,0.5418528376524742,1.2717600166618268,0.2936044976720385,-0.6110601123059654
-0.7134545219159232,0.41147510962726236,0.5090173548422785,0.16931176584276758,-0.2935687776194205
0.32213952240591703,0.43922834185976173,0.10377387189591232,0.19292153629287573,0.1414928082738465
0.1751476305641679,0.6014435005897629,0.030676692492242242,0.36173428440166816,0.1053414040465157
0.08460070643894527,0.32904031641679793,0.007157279529968595,0.1082675298276665,0.027837043215755183
0.6986096071103769,1.5496797197325847,0.48805538314691516,2.401507233750462,1.0826211401493
2.444034198750418,-0.6785990444587222,5.973303164661599,0.46049666314029086,-1.6585192718964725
-0.7883203587406953,-1.1917716804341725,0.6214489880050585,1.4203197382848913,0.9394978786568681
-0.2800055017963146,-0.8975553513901212,0.07840308103620594,0.805605608809044,0.25132043655595837
0.3278640939333319,0.11675683477308624,0.10749486409072467,0.01363215846622976,0.038280373843401654
-0.67779560704051,0.06132759427404791,0.45940688492341347,0.003761073819442234,-0.041567573989312406
-0.04380655090415469,0.12356589677734345,0.0019190139021182959,0.015268530846389097,-0.005412995747194219
-0.2430855428407293,0.4033871448212486,0.059090581138172046,0.162721188607039,-0.0980575830738451
0.5349689590600405,0.73638899843153,0.28619178715778326,0.542268757010992,0.39394525595418145
-0.9062436421928173,-0.13207019069037784,0.8212775390149031,0.017442535268992768,0.11968777063634793
-0.2835623855347222,-0.6930708208256218,0.08040762649014242,0.48034716267990113,0.19652881529782132
-1.1364962304989614,-0.11788986001806906,1.2916236819383484,0.013898019095079917,0.13398138152458572
1.059644510773706,0.4153513638541384,1.1228464892128467,0.17251675545549286,0.44012479275041005
-1.7634819857268058,0.7412665979603066,3.109868713982958,0.5494761692516468,-1.3072102921239952
-0.17021755812698175,-0.5723873215286108,0.02897401709471241,0.32762724584669733,0.0974303721734437
-0.1840423805691613,1.2192330970362861,0.033871597845564004,1.4865293449086938,-0.22439056164726934
-0.7067161142821035,0.12418036232784994,0.4994476661859951,0.015420762387876093,-0.08776026313448182
0.9572290248124306,-1.207838455959173,0.9162874059433568,1.4588737356938393,-1.156178027328751
-0.9983836897696262,0.20597198883452333,0.9967699919980132,0.042424460184449,-0.20563907420179967
0.7319809304686524,2.070525230878943,0.5357960825697542,4.2870747317063005,1.5155849850575902
1.6844353223957023,0.31768246261555666,2.8373223553343134,0.10092214705348455,0.5351155613352958
-1.255944819238443,0.3445913998284504,1.5773973889718853,0.11874323283573096,-0.4327877833686652
0.9211000163059774,1.956108175366715,0.8484252400388718,3.8263591937364994,1.8017712722265369
0.9095931663043699,0.22532415936899255,0.8273597281876092,0.050770976795343155,0.2049533155653124
-1.403415284245004,1.4239271555296338,1.9695744600524856,2.027568544254714,-1.998361133721801
1.5162775465063028,1.557638580375709,2.299097598039173,2.4262379470748536,2.36181240499564
0.0012485700912773148,-0.3738265844472943,1.5589272728322421e-06,0.13974631523953004,-0.00046674869266524505
-0.18606699972088633,-1.9419852352404345,0.03462092838513232,3.771306653891846,0.3613393662234473
-0.11430430079709601,-0.1903015322620431,0.013065473180713005,0.03621467318128143,0.021752283585828844
-0.8743818024284975,1.9826909360389873,0.764543536418108,3.9310633478511554,-1.7336288743124146
-0.6509072999454724,0.7002390591799714,0.42368031312230514,0.49033474000125155,-0.455790715327193
-1.1270811026492717,1.1198651083850284,1.2703118119490981,1.2540978609782114,-1.262178801177044
0.7578850990683775,0.6403170526717233,0.5743898233898844,0.41000592794220253,0.4852867528992806
-1.1052363170918535,0.6610882308794862,1.2215473166187643,0.43703764900736886,-0.7306587215700123
0.1878804896798141,1.3393815234079938,0.03529907840232673,1.7939428652467182,0.25164365648598924
2.0594595260804547,-1.8021180933970984,4.241373539563531,3.247629622549193,-3.711389274568601
-0.05645954282616749,-0.4108013954474156,0.003187679976139841,0.16875778650154394,0.023193658979312727
-0.3691937943597906,1.6748025138570455,0.13630405779377935,2.804963460421879,-0.6183266948941984
-0.06317330382423379,-2.591748688301874,0.003990866316068952,6.717161263314485,0.1637293273221537
-0.0831746990400739,-0.8921248491161115,0.006918030560406869,0.7958867464104447,0.0742022158314039
-0.04339578313753582,0.11768260270551023,0.0018831939941200385,0.013849194979542965,-0.005106928706069109
1.6598991046175755,-1.5385153954821549,2.7552650375102288,2.3670296221356115,-2.553780327401184
1.9222701962649194,-1.1314208598876976,3.6951227074483715,1.280113162189017,-2.174896598394548
-0.3194539751820274,-0.20323888817913702,0.10205084225959937,0.04130604566829176,0.06492547074040088
-0.012472821296071215,-0.48949436582396194,0.00015557127108372761,0.23960473417340267,0.006105375750355986
-1.9758211803943577,0.5687636280179394,3.903869336894953,0.323492064556129,-1.1237752228757825
-0.4540874553522196,1.3440468898042195,0.20619541710825404,1.8064620419923958,-0.6103148320652632
-1.5563326031820897,0.8548518997204542,2.42217117172754,0.7307717704556694,-1.3304338824270892
0.011525038999066695,0.6182378223574928,0.00013282652393000824,0.3822180049933348,0.007125215013368172
-1.2926643380172722,0.2353726017514915,1.6709810907816325,0.055400261655266216,-0.3042577684304948
1.3419540931719545,0.23502474122224673,1.8008407881809627,0.05523662898658404,0.3153924134798734
-0.9167923450064853,0.3924309400458419,0.8405082038624904,0.15400204270526316,-0.35977768177772684
-0.9244957218669274,0.7285394461966933,0.8546923397502512,0.5307697246645846,-0.6735316012201435
-1.648498058909374,0.979122642004763,2.717545850227974,0.9586811480863872,-1.6140817747790697
-0.24517194080855306,-0.8467028530793286,0.06010928055983265,0.7169057214126751,0.20758778177759815
0.22550018727097093,-0.12179959801363323,0.05085033445924296,0.014835142076282648,-0.02746583216160327
0.4562602700911685,-1.346480229998498,0.208173434063666,1.813009009776808,-0.6143454334115334
0.2270783960095997,-0.3566883350230432,0.051564597934292584,0.12722656834151072,-0.08099621499236738
-0.030693773265490474,-0.6996129093266968,0.0009421077172733377,0.48945822289656493,0.02147376001248378
-1.178144783573989,1.6688505882577214,1.3880251310626017,2.785062285928143,-1.9661476151202175
0.7155132797062351,0.07104583623127017,0.511959253435973,0.005047510845800462,0.05083423929130819
-1.1251682098128921,-1.1522717233063158,1.2660035003735484,1.3277301243313067,1.2964995121305836
-0.7977204853633223,0.5098209767422488,0.6363579727682945,0.2599174283264206,-0.4066946370152298
-0.442304695752232,0.27773828226381647,0.19563344388447454,0.07713855343485539,-0.12284494643544489
-1.5620018661228803,-0.44237186113606974,2.4398498297713602,0.19569286352499018,0.6909856726147926
-0.26956754793685583,0.640913936169035,0.07266666290068907,0.4107706735756859,-0.1727695982116453
-1.6654482350810917,0.76778616516126,2.7737178237347235,0.5894955954130335,-1.2787081136875
0.013261497678584032,-0.9901635111655307,0.00017586732067908966,0.9804237788436521,-0.0131310511047403
0.18896423566640164,-1.7651214850556807,0.03570748236098738,3.1156538570051717,-0.33354483228189047
-1.3452665047794774,1.7033365274462064,1.8097419688815917,2.901355325732501,-2.2914415767407705
-0.6804498068784732,-0.8755165710477626,0.4630119396809515,0.7665292661792319,0.5957450816883532
0.3201715547830583,-1.3467636169612638,0.1025098244922009,1.8137722399705856,-0.431195401167743
-0.7873365100314683,0.602222639230429,0.6198987800285324,0.3626721072016634,-0.47415187103362594
0.7415601179883948,1.1469960416015856,0.5499114085909621,1.3155999194497063,0.8505665199422937
-1.8317326522717232,-1.2473009595096005,3.3552445093984016,1.55575968359357,2.2847218947435857
-0.8034172753955288,-1.2513834089227132,0.6454793184039749,1.5659604361270303,1.005383048871855
0.593792542230664,0.5005473156316648,0.35258958320875494,0.25054761518606544,0.2972212630556608
0.2846235414673485,-0.8977908582577291,0.08101056035741544,0.8060284251711498,-0.25553241357432516
0.8112092260786682,-0.6273866793422045,0.6580604084751518,0.3936140454160381,-0.5089418626012553
-0.10896861630295197,0.283449537378368,0.011874159338979971,0.08034364024001082,-0.030887103879832623
0.003954971751488904,-0.1202334094368511,1.5641801555075208e-05,0.014456072744809475,-0.0004755197379079455
0.3321277468044562,0.9365968095602503,0.11030884019740499,0.8772135836784397,0.3110697880234883
-0.018239643913937283,0.10613605721298773,0.00033268461010722936,0.011264862640718605,-0.001935883889994171
2.01171299175756,-0.35582236306431003,4.0469891612061515,0.12660955405666965,-0.7158124705343478
0.9287715467918465,0.8780116861534403,0.862616586130119,0.7709045210220073,0.815472271850048
-0.1815466734573504,-0.7107457397487118,0.032959194643429814,0.5051595065709436,0.12903352472536234
-0.257446022643728,-2.100672723624625,0.06627845457507492,4.4128258917805,0.540809837573327
0.7696492709013607,-0.08661618269054593,0.5923600001989962,0.007502363103882028,-0.06666408185603773
0.05132938373440207,1.266662659504799,0.0026347056345535002,1.6044342929837703,0.0650170137117601
-1.4480486391026588,0.6598052057996167,2.096844861207062,0.4353429096002745,-0.9554300303309846
0.14587251533256687,-0.22253033129904856,0.021278790729449958,0.04951974834806431,-0.03246105916438165
0.4445257102724279,-0.3476475807690875,0.1976031070932065,0.12085884041459924,-0.15453828776586986
0.9158725516743133,1.6349696212884604,0.8388225309104176,2.6731256625361315,1.4974237989594477
-0.20306766303045118,-0.9494283964861029,0.04123647576864887,0.9014142800541726,0.19279820568918155
0.2470781410762339,0.4270374414930867,0.061047607797687344,0.18236097643696145,0.10551161721406287
0.31771541116232616,-2.1550934374751276,0.10094308249004597,4.644427724248362,-0.684706397580641
-0.0596327227601237,-0.38162887274834456,0.003556061623785775,0.14564059651517217,0.022757568765860558
-0.039867984622718435,-0.8199258605222629,0.0015894561978773137,0.6722784167531733,0.03268879159907076
-1.536174116288718,-0.25658488711761107,2.3598309155554236,0.06583580429715721,0.3941590622209366
-0.4570429227594684,-0.811779368484707,0.20888823324451739,0.6589857430974297,0.37101801520808597
-0.8749601645779167,-1.745943110942839,0.7655552895982151,3.0483173466487585,1.5276306716942263
-1.7235766277464,0.5428582194976213,2.970716391713652,0.29469504647612754,-0.9356577393061251
0.7278896574207407,-0.7193238641953182,0.5298233533800834,0.5174268216008846,-0.5235884010836936
1.1269988452055206,-0.49839993070643124,1.270126397094577,0.24840249092817546,-0.5616961463566595
0.2937038755487351,1.2975399843177082,0.08626196651234688,1.6836100109031986,0.3810925220735559
0.2939800512379196,0.3129126140717089,0.08642427052584983,0.09791430404519023,0.09199006631779234
-1.5912703535381816,-0.03325363276512543,2.5321413380495295,0.0011058040920778234,0.05291551996659
0.8599651422442127,-0.3763747770038516,0.739540045875109,0.141657972764699,-0.32366918864325106
1.030953158394648,-0.34104002960437824,1.0628644148039004,0.11630830179255518,-0.351596295659638
-0.9132354831851963,-2.4333290145243756,0.833999047748499,5.9210900929261685,2.2222023983277257
-0.4674454708334803,1.6175133899032184,0.21850526820273408,2.616349566516201,-0.7560993081227687
0.18922075739176508,-0.44652119040824695,0.03580449502791322,0.19938117348359793,-0.08449107784052104
-1.5640728664880632,-0.7204525648930995,2.4463239316841867,0.5190518982610457,1.1268403083410274
0.5604130996087487,0.10165768262550882,0.31406284221308534,0.010334284436788679,0.05697029701920384
0.9730366859471797,0.47868585794810276,0.9468003921990705,0.2291401505995112,0.46577890082760437
-0.7378276585366919,-1.059153611630172,0.5443896537017372,1.1218063730292374,0.7814728292997706
0.1592278234512908,0.19944565853905646,0.025353499761035434,0.039778570710077905,0.031757298105983316
0.17075471202045528,-0.8540229655704774,0.029157171677188613,0.7293552257217929,-0.14582844554484206
-0.6854064892150498,-1.2690161294781057,0.46978205545810015,1.6104019368755924,0.8697918900628595
0.9513551150205802,-0.15374472299413364,0.9050765548758214,0.023637439848542885,-0.14626582862789125
0.5782262537844475,1.3780102828073797,0.33434560056559626,1.8989123395228746,0.7968017235041581
-0.6535002293231615,0.08363192507516663,0.42706254972542473,0.006994298891778285,-0.05465348221535886
0.24760696450062009,-0.1506817446929133,0.06130920886921134,0.0227049881837003,-0.03730984940906968
0.5421286402563685,0.06743944757206408,0.293903462586219,0.004548079088825179,0.036560856011883754
-0.8536769044514538,0.6918496625140298,0.7287642571938167,0.47865595552077694,-0.59061607824076
0.33921609846490963,0.37629249169749435,0.11506756145775526,0.14159603930790884,0.12764447091526343
2.400619555187366,2.1680491522419394,5.762974248747987,4.700437126536992,5.204661191479391
-0.8678270297184715,-0.20437838357954052,0.7531237535099847,0.0417705236745858,0.17736508556049507
1.7299329943239785,0.6446233892820122,2.992668164850726,0.4155393140094287,1.1151552700319032
-0.6844690862445448,-0.698910018190251,0.4684979300244422,0.488475213526697,0.47838230151783934
1.0596819033200753,-2.079565687201397,1.1229257362240574,4.324593447385418,-2.2036781254926963
-0.49979042032292686,0.037750325292764085,0.2497904642465679,0.0014250870597095038,-0.01886725094539778
-0.9428745983728201,-1.6902128937719156,0.8890125082567067,2.856819626272833,1.593658803379757
-0.5499803991130313,-1.6072905254012784,0.3024784394085292,2.5833828330447175,0.8839782846507889
-0.4694535342431969,-1.5696821910946563,0.22038662081342847,2.463902181039721,0.7368928522479916
0.614610290985604,0.321285321839795,0.3777458097854089,0.10322425802970067,0.19746526514535986
-0.25252435273110874,-1.2965434209488431,0.06376854872226542,1.681024842405729,0.32740878816288405
0.04327388094226115,2.9095774967833927,0.0018726287718049928,8.465641209788314,0.12590871018808678
-2.4380805581443585,-1.2490094899515432,5.944236808001507,1.560024705989014,3.0451857543886587
-0.49634611954315827,-0.7440971324033753,0.24635947038555117,0.5536805424509262,0.369329724231607
0.8288850392238825,-0.11474593025763767,0.6870504082491772,0.01316662851069065,-0.09511118490238288
-1.195050277803434,0.11648462707570291,1.4281451664780647,0.01356866834496558,-0.13920498594664818
1.0627855231198458,-0.9928117988887956,1.1295130681531242,0.9856752680128062,-1.0551460070415837
-1.3667275638745688,0.3052431036962157,1.8679442338545136,0.0931733523540987,-0.4171841635042413
0.5593813507946721,-0.47768153363489013,0.31290749561687203,0.22817964757578066,-0.26720614153435546
-0.09308352536763008,-0.8814656365297409,0.008664542694866233,0.7769816683827813,0.08204992893861032
1.4023016923090663,-0.07161424472878211,1.9664500362528714,0.005128600048073896,-0.10042477657660678
0.8305299828478355,0.640235294959374,0.689780052409226,0.40990123291171665,0.5317346085411878
-1.1981722795816905,-1.5331617021295976,1.4356168115579846,2.3505848048769247,1.8369918516079646
-0.20021342548767151,0.1508584955399968,0.04008541574550739,0.022758285676591238,-0.030203896155979376
-0.6914380218209951,1.119691433028093,0.47808653801973094,1.2537089051965042,-0.7741972295028599
0.2798502594542945,0.6107844739838535,0.07831616771663594,0.3730576736597326,0.1709281935150362
-0.9610298537254046,0.4394316758930556,0.9235783797514726,0.19310019777817947,-0.4223069592058126
-1.4334116188412178,2.211661832385737,2.0546688690290007,4.891448060831836,-3.1702217674893736
-1.2945532735542078,-0.8214549770807987,1.6758681780699156,0.6747882793708155,1.0634172296573448
0.684311510502053,-0.028743813337532575,0.4682822434056014,0.0008262068051829156,-0.01966972232259597
-1.5084082007447992,1.0029039747436814,2.2752953000741623,1.0058163825566748,-1.512788580062924
1.6437524577935072,-1.204375952196203,2.7019221425021955,1.4505214342285107,-1.979695931529904
0.35562843716461806,2.367827871211695,0.12647158532014868,5.606608827686907,0.8420669253138396
0.027616252965394217,0.24573179374430137,0.0007626574278486449,0.06038411445679187,0.006786191377682703
1.3753657888799309,-0.9968277929272252,1.8916310532213145,0.993665648752163,-1.3710028437967936
-0.8648376800134137,0.45129065637749183,0.7479442127709837,0.2036632565336274,-0.3902931642732407
-0.06508433101200259,0.6179840316867782,0.004235970143279922,0.38190426341984485,-0.040221077278434166
0.4632530306565671,-0.6559138366649173,0.21460337041249428,0.43022296112849184,-0.30385407268459946
-0.482665629634145,-1.0728034895138752,0.23296611003012563,1.1509073271131474,0.5178053717399225
1.4609545669632673,-1.0895211009304913,2.1343882467308277,1.1870562293727898,-1.591740828207248
-0.066307135688038,-0.20435550715575376,0.004396636243151883,0.041761173304885324,0.013550228341574386
0.17470111081307962,0.1487099854859403,0.030520478119323926,0.022114659783228578,0.02597979965339072
0.3853614948938687,-0.3160998151582357,0.14850348174683717,0.09991909314307078,-0.12181269730505329
-0.20883644687778144,0.8095785051553507,0.04361266154453643,0.6554173560095722,-0.1690694984852691
0.3776882704730668,2.0122895086110817,0.14264842965293648,4.049309066466229,0.760018144198417
-0.3537368562915905,-0.2896598667498173,0.12512976349905736,0.08390283840552192,0.10246337065792138
-1.6464926202764714,1.6058581030344534,2.7109379486248804,2.578780247081413,-2.644033515857401
1.1188036013837277,0.8518068275200555,1.2517214984691991,0.7255748714097816,0.9530045463126859
0.4174045689334953,2.4165900653111643,0.17422657416655704,5.839907543760617,1.008695734500174
0.9783817455517448,-1.9315177076503176,0.9572308400288791,3.730760654966738,-1.8897616663750225
1.9316268974447492,-0.38070930857816004,3.731182470932028,0.14493957763806067,-0.735388340557167
-0.7732954249452197,-0.007235384176101422,0.597985814241208,5.235078417577885e-05,0.005595089481100267
-0.32485638330393274,0.6389491529779497,0.10553166977331167,0.4082560200912394,-0.207566710951528
-0.7844015604559065,0.8549017044060445,0.6152858080456611,0.73085692419636,-0.6705862309725155
0.5563788678741894,-1.3049074067705693,0.30955744461696477,1.702783340244692,-0.7260229056596538
0.122983584914745,-0.6790549525590048,0.015124962158482292,0.4611156285949123,-0.0835126124198185
-1.191723037597434,0.015078986749740226,1.420203798340455,0.0002273758413988413,-0.017969975893291877
0.0010504161768062662,-0.32403330281376513,1.1033741444962932e-06,0.10499758133239721,-0.00034036982309954233
0.8649700485156375,0.6016823816439996,0.7481731848291443,0.36202168838079557,0.5204372388416146
-0.10731254358916234,-0.6327910752548792,0.011515982011575868,0.4004245449222262,0.06790641984612213
-1.459319774032486,0.9523446056949756,2.129614202882226,0.9069602479963186,-1.3897753147838487
1.3293903041132782,0.6603220394786339,1.7672785806703943,0.4360251958212225,0.8778257168752012
-1.6830219893845657,-0.0691882491695896,2.832563016751981,0.004787013823153216,0.11644534475943771
0.8741526783061282,-1.8717661077022933,0.7641429049897772,3.5035083619429934,-1.6362093562105966
0.6039440130040865,1.2182847432961734,0.3647483708434802,1.4842177157482233,0.7357757768479444
0.6823735686188871,1.1855034841057293,0.465633687149675,1.4054185108268231,0.8089562430593505
-2.8227226612308867,1.0315187579630383,7.967763222226379,1.064030948029609,-2.911691373587006
-0.40576320016860323,0.3856162353218163,0.16464377461106597,0.14869988094377043,-0.15646887768114937
-0.7975435361390089,-0.13070241675505562,0.6360756920371146,0.017083121745612242,0.1042408676407415
0.49781689039108895,-0.4115824571903506,0.24782165635865347,0.16940011906684677,-0.2048926989780238
0.6634443122149456,0.8435194238994225,0.4401583554103622,0.7115250184956136,0.5596281640288995
-0.0912798012154482,0.5049228694611227,0.008332002109931737,0.254947104104854,-0.04608925915354498
-0.9180892632732421,-1.8729712845394977,0.8428878953376046,3.508021432709536,1.7195548267548053
0.4331719821415864,0.8344693394047621,0.18763796611247086,0.69633907840662,0.36146873778634103
-1.2551954361581854,1.6401648119538315,1.5755155829523373,2.6901406103715475,-2.0587273865116975
-2.1090576923398663,1.6096794151178895,4.448124349617962,2.591067819454271,-3.3949067526555217
0.45146949554951843,-1.042424095456164,0.20382470541173664,1.086647994787602,-0.47062268052425743
-0.23070941501572595,-1.342459878943862,0.053226834176898476,1.8021985265739686,0.3097181333532207
0.18540486022254707,-2.657731626811154,0.03437496219414222,7.063537400152264,-0.49275636077796464
-0.26494166784912204,0.5781029680821287,0.0701940873626745,0.3342030417053667,-0.15316356455220695
-0.8083353469456673,-0.5576761070939263,0.6534060331217724,0.3110026404234364,0.4507893095110781
-0.007326800406089238,0.27508813603019094,5.368200419066942e-05,0.07567348258456484,-0.0020155158667763346
0.2929495576378731,-0.40434976808573064,0.08581944332022554,0.16349873495098416,-0.11845408569169137
0.23301255987808858,-0.13093859389847193,0.05429485306093982,0.01714491537210895,-0.030510336951120414
-1.3098056292441453,2.161534599896253,1.7155907863996516,4.672231826548655,-2.8311901867501037
-0.15171509128758234,0.06944084610629224,0.023017468924399445,0.004822031107957762,-0.010535224306103085
-0.18930275709677286,-0.3138741386656606,0.035835533844439785,0.09851697492311035,0.05941723983078435
-0.3007856460587396,-2.7348782955907947,0.09047200487497337,7.47955929169361,0.8226121350313017
2.702376755534131,0.3269340829836172,7.302840128851176,0.1068858946163387,0.8834990664467938
-1.3027409625036832,0.006905029716308126,1.697134015385023,4.7679435383098276e-05,-0.008995465058739781
0.31685077057540195,-1.7695854452383462,0.10039441081422601,3.1314326479993957,-0.5606945119227857
0.6971014778681642,-0.44124473009215465,0.48595047044597867,0.1946969118340984,-0.3075923534487802
-1.6693405767363863,-1.0388799211538589,2.7866979611385707,1.079271490576648,1.7342444067388343
-0.5561293000393472,-1.104030499833798,0.30927979836225433,1.2188833445632659,0.6139837090946607
0.7176985394147039,-2.1706896483361553,0.5150911934779993,4.711893549393742,-1.5579007901334758
0.19111852850704095,-0.7643835852447987,0.03652629193869662,0.5842822653916924,-0.14608786602692223
-0.6994530013718864,-0.2551945769219684,0.4892345011281401,0.06512427209038245,0.17849661276189951
0.6562673371011917,-0.19853801353587947,0.43068681774588913,0.03941734281877306,-0.13029401345655198
-0.5923167663113712,0.40070077803562715,0.3508391516535595,0.16056111351835695,-0.2373417891045132
0.21829766126981284,-1.5731096371618944,0.047653868915869944,2.474673930531627,-0.34340615471344543
-0.8349098682291307,1.0499724905924641,0.6970744880663844,1.102442231000942,-0.8766323937647664
1.3119790471680555,-0.5125067140404871,1.7212890202079987,0.2626631319365776,-0.6723980703540693
1.1758355341393643,0.6746562229848141,1.382589203344804,0.4551610192121352,0.7932847603137949
0.6068079486469241,-0.01681819885118283,0.3682158865410881,0.0002828518125979274,-0.010205416744822308
-0.44922124912262446,-0.0015054034581296024,0.20179973066329102,2.2662395717485654e-06,0.0006762592218944985
0.0020014107311740617,2.382162560778895,4.005644914858693e-06,5.674698465976663,0.004767685712543964
-1.3570729489818982,0.08551841655203664,1.8416469888584257,0.007313399569567654,-0.11605472974253474
0.2744718636207279,0.13789364645449353,0.07533480391943545,0.019014657732516857,0.037847926123822616
0.8125365499494468,-0.12600332004174533,0.6602156450037499,0.0158768366615425,-0.10238230294889573
-0.3485010348783594,-0.17625569823166579,0.12145297131128746,0.031066071159132035,0.061425293236943346
-0.0691698434455888,-0.32226800280712675,0.004784467242287264,0.10385666563329425,0.02229122730169153
-0.28415168087781406,-0.3009395543306771,0.08074217774568708,0.09056461536074654,0.08551248020568214
-0.6900805902195777,-0.6044782509508527,0.4762112209978007,0.3653939558726021,0.41713870819106247
-1.2171106914373946,-0.8659810988497045,1.4813584352112128,0.7499232635649418,1.0539948539926787
0.5872584103031483,0.0712201952444726,0.3448724404717809,0.005072316210660796,0.041824658640748816
0.7166880718849167,-0.6380284066398161,0.5136417923821195,0.40708024767934253,-0.45726734856249535
-0.671954431954965,0.5388207702980318,0.4515227586239196,0.2903278225045643,-0.3620630046311506
0.9105866239676478,0.34625208045190325,0.8291679997487984,0.11989050321727128,0.31529251298047295
0.46874422182484865,1.8353455488422703,0.21972114549418292,3.3684932836551345,0.8603076210717697
0.998476505491408,0.9259463231407286,0.9969553320183336,0.8573765933378346,0.9245356490021727
-0.6964957702583623,-0.44475271568977376,0.4851063579877894,0.19780497811342873,0.30976838528884737
-1.3233745342995589,-0.28379373354501436,1.7513201580325743,0.08053888319941861,0.37556539996726646
-0.9258329928467145,1.654571400512728,0.8571667306435045,2.7376065193946504,-1.531856791615279
0.9092713817549071,0.4493140228622142,0.8267744456784779,0.20188309114062636,0.4085483824097814
-0.9865748778407174,-1.0110083782871913,0.9733299895864265,1.0221379409668965,0.9974354673046275
0.8249885147141854,-0.498586612228046,0.6806060494103178,0.2485886098930399,-0.4113282286783932
-0.2152109578030299,0.3443756861335569,0.046315756358497516,0.1185946131999581,-0.07411342125687838
0.653341439661374,0.19788404198539025,0.4268550367787968,0.03915809407247569,0.12928584487674666
0.14777736823371015,-1.8662797995126628,0.021838150562081566,3.483000290069025,-0.2757939171597175
-0.08441767026675528,0.7176628099605081,0.00712634305326662,0.5150399088004124,-0.060583422453959236
0.17373691702768607,0.48894381640224016,0.03018451633828507,0.23906605559798755,0.08494759126147616
0.8813549521803206,2.079547345160532,0.7767865517327751,4.324517160764216,1.8328193509506732
1.3787400160038672,-0.8643605209202891,1.900924031730344,0.7471191101255936,-1.1917284384467504
-1.689748535325029,-0.3500435463244705,2.855250112633081,0.12253048432341172,0.5914855697017529
-0.5856932435994665,-0.9985737112095296,0.343036575598064,0.9971494567187731,0.5848578758914663
-1.5798300571869868,-0.05920487926117062,2.495863009591438,0.003505217728329791,0.09353364778892383
1.2166705607028672,0.9623410085538945,1.4802872532810292,0.9261002167445268,1.1708519744646295
-3.6068249158709875,1.4117835885461583,13.009185973747757,1.9931329008882683,-5.092056222986038
-0.2886030156048915,-0.228525626541706,0.08329170061623724,0.05222396198627928,0.06595318496293358
1.4304224083738724,-1.0096833750738154,2.046108266378109,1.019460517900451,-1.444273725068147
-0.042036518713469855,-0.592066868909101,0.0017670689055479013,0.3505431772598266,0.024888430014522928
0.411645850644396,1.222058102661885,0.16945230635274838,1.4934260062815665,0.5030551472071283
-0.6104284468239973,0.33433115938179697,0.37262288869195775,0.11177732413357654,-0.20408525034629663
-0.0009292860569934771,-0.9342816950506939,8.63572575722484e-07,0.8728822857067978,0.0008682149525148415
0.7223062406261634,0.7377287391127454,0.5217263052475011,0.5442436925128812,0.5328660721504068
0.8164199560645069,0.7498008836473941,0.6665415446603714,0.562201365118413,0.6121524044845339
0.8925143087337977,2.358409787033678,0.7965817912945687,5.562096723576239,2.104914480785386
1.3991273135774747,-1.2793799782484772,1.957557239598521,1.6368131287430738,-1.7900154720115997
-1.4799582967180844,1.3132758113788783,2.1902765600246936,1.724693356752851,-1.943593432929345
-2.189937247470456,-1.457138440568018,4.795825147858478,2.123252434980995,3.191041745720918
1.0490758191539813,-0.4442819930690167,1.1005600743335968,0.1973864893653778,-0.46608549581424213
-0.6518338669308751,1.361293841428544,0.42488739007805776,1.853120922711282,-0.8873374286875534
-1.984137888195383,-0.7174405150187194,3.936803159372434,0.5147208925903254,1.42350090837505
0.5621139109081623,-0.0304903524268359,0.31597204883646945,0.0009296615911126578,-0.017139051247616905
-0.34601663915723885,1.3545272975380136,0.11972751457367084,1.8347441997756344,-0.46868898314084073
0.6059930927807351,1.2990718069274931,0.3672276284979606,1.687587559553862,0.7872285420242495
0.5136390593409819,0.6292679709870146,0.2638250832806887,0.39597817931011425,0.32321660869117846
2.6269032926510527,0.4233104534891702,6.900620908940942,0.1791917400332069,1.1119956240843114
0.570713122238122,1.03255505510471,0.32571346789478556,1.0661699418222907,0.5892927193815651
-1.268417199437656,0.7208999200511915,1.6088821918292666,0.5196966947298143,-0.9144018576661626
-0.8743855618243418,0.6804683856143977,0.7645501107268698,0.46303722382066465,-0.594991731659148
0.7478894412576137,0.12761099479909646,0.5593386163446256,0.016284565993615024,0.0954389155986245
0.5481869464403097,0.6732151622297521,0.30050892824755104,0.4532186546560314,0.3690477640800455
1.4118382602361352,-1.3341830169574875,1.9932872730665971,1.7800443227377836,-1.8836506294978572
1.5462483409926808,0.5132451025854528,2.390883932022618,0.2634205353279519,0.7936043883953746
1.8291442520151402,0.8724333650603122,3.345768694680027,0.7611399764704601,1.5958064749662966
1.8495743567483431,0.12733480878051465,3.420925301141047,0.01621415352717023,0.23551519704189366
1.1772714721865534,-1.0909343433952723,1.3859681192242947,1.1901377415992738,-1.2843258805078233
0.12734606258400966,-1.048931362746119,0.016217019655650505,1.1002570037524302,-0.1335772789665978
-0.24154178450780744,1.808312501661242,0.058342433663216085,3.2699941036643394,-0.4367830285990339
0.26025914259626126,0.6398271216697589,0.06773482130494106,0.4093787456242084,0.16652085809560518
-0.7158171651075711,-0.6794726003596221,0.5123942138626397,0.4616830146394667,0.4863781505576943
0.2667460819438585,0.7523097881106631,0.07115347223239968,0.5659700172871107,0.20067568838653377
-0.3447499973311495,0.04445162908358108,0.1188525606598276,0.001975947328184271,-0.015324699007929826
0.6955098952510257,-0.910640521086678,0.48373401439209274,0.8292661586450165,-0.6333594934323349
-1.3258468299968607,-0.5633309803405628,1.7578698166127242,0.31734179341145957,0.7468905945235591
0.5633838534142853,-0.34373020711569613,0.3174013662879289,0.11815045528379936,-0.1936520486197313
-0.030741406505904942,1.0834715611275565,0.0009450340739612946,1.1739106237721844,-0.03330743969820965
-1.117491068599343,1.9086742462574107,1.2487862883993017,3.643037378326295,-2.1329264230582394
-0.8719911434536971,-0.3776400124103139,0.7603685542616861,0.14261197897326205,0.329298746235538
-0.7028660320384262,0.40250409803091114,0.494020658993442,0.16200954893167732,-0.28290645826219224
0.39114506541772603,-0.7058542581381301,0.15299446220063717,0.49823023373173,-0.27609140997481935
0.34482130427852764,-0.6163271350242311,0.11890173188434494,0.3798591373671768,-0.21252272656130358
-2.1900979277543886,1.920304871139334,4.796528933154067,3.6875707981214543,-4.205655718938914
1.4904735122760937,-0.3741450271339241,2.221511290796635,0.1399845013290448,-0.5576532526929342
-0.16598942703465,0.38083607136471087,0.027552489887291396,0.14503611325250715,-0.06321476127995544
1.4793425623382757,-0.1623959123461476,2.188454416745575,0.02637243234673765,-0.240239185083412
-0.3443320860075348,0.12386322919681002,0.11856458545430033,0.01534209954706149,-0.042650084088966984
-0.10150824628160081,1.4876898820927134,0.010303924063166124,2.2132211852810313,-0.1510127909421128
-0.7284572660545877,-1.093769129815157,0.5306499884677244,1.196330909336606,0.7967640700000548
0.9152559410134343,-0.4886466516488082,0.8376934375603872,0.23877555016759172,-0.4472367509778938
-1.1122535017140585,0.19817398906442635,1.237107852075185,0.03927292994170738,-0.22041971328555174
0.1974399326466408,-0.9076922983469393,0.038982527003510056,0.8239053084783491,-0.1792147062494943
-1.253362975142257,-0.9759926490924492,1.57091874745745,0.9525616510824967,1.223273050383485
-0.277945863672514,0.4019024352288125,0.07725390313265974,0.16152556744284985,-0.11170711947175892
-1.725213480830247,0.2367127402725131,2.976361554438417,0.056032921407322245,-0.4083800106024085
-0.41448132427740614,-2.6141662353014348,0.1717947681747523,6.8338651057900766,1.08352308308902
0.34219561011643884,0.15957025524997143,0.11709783558296182,0.025462666360541033,0.05460424085169985
-0.07450004378597946,-1.2621668732197506,0.005550256524112857,1.593065215853322,0.0940314873200842
0.9636249803921939,-0.24887018508528616,0.9285731028358561,0.06193636902438459,-0.23981752722301056
0.15284977782825485,0.741659971302514,0.023363054582146867,0.5500595130324459,0.11336256183769913
-1.3583635574605397,-0.36121031348291105,1.845151554236853,0.13047289056642286,0.4906549264140838
-1.7740718887870008,-1.3504676936069886,3.1473310665842766,1.8237629914761793,2.395826771943175
0.0650092851322973,1.2106830815205347,0.004226207153412331,1.4657535238800576,0.07870564165141677
-0.662604667447273,-1.4039389612558069,0.4390449453229112,1.971044606932034,0.9302565085391737
1.8826784162073074,1.0073260838175948,3.544478018852855,1.014705839139292,1.8964710760860188
-0.7288381781165275,-1.222200755692478,0.5312050898802191,1.4937746872152646,0.8907865720715489
0.15630233801328267,1.2802809543076732,0.024430420868418467,1.6391193219629663,0.20011090647216603
-1.4959893403987157,-0.0809731002561962,2.2379841065865844,0.0065566429651000005,0.12113489484230602
0.6776325241753588,-0.14852583399528474,0.45918583782026823,0.02205992336399488,-0.10064593579547511
0.5795335832497787,1.7507387524394937,0.33585917411432814,3.0650861792933948,1.014611902535507
-0.027414870310865674,-1.37124190123935,0.0007515751141615843,1.8803043517145073,0.03759241888730166
-1.6013133372477835,0.5042953585824154,2.5642044040476333,0.2543138086877669,-0.8075348836101752
1.4196193286450782,-0.5299780049866082,2.0153190382627026,0.2808766857695853,-0.7523670196357466
-1.0851480340751953,0.23566332635960527,1.1775462558572614,0.05553720339087383,-0.2557295953027468
0.11660850695082134,-1.2469272561338363,0.013597543893299749,1.5548275820894577,-0.14540232561405103
0.42482209524984066,-0.7800786270409319,0.1804738126124647,0.6085226643660653,-0.3313946367991477
-0.3878536548144156,-0.7944887264855044,0.15043045755289983,0.6312123365125586,0.30814535627625345
-0.17412352479282903,-0.06339210736845245,0.030319001886278944,0.004018559276613404,0.01103805717904041
0.5822369055582279,0.188559131660386,0.3389998141940208,0.03555454613251878,0.10978608533268962
0.8102123837253502,-0.014616839635371406,0.6564441067419141,0.0002136520009261645,-0.011842744483505446
0.25462204255325566,-0.8433040593857732,0.06483238455399193,0.7111617365765237,-0.2147238020942576
-2.342046521670316,-0.4091924873251222,5.485181909668027,0.16743849168332028,0.9583478416334273
-0.2356688471645772,-0.8247916912224155,0.055539805523880846,0.6802813339095324,0.19437770702130858
-1.1587029144630487,0.6317675665570124,1.3425924439851633,0.39913025815336906,-0.7320309206328384
1.1309740239725274,-2.7177932496879618,1.2791022429006111,7.386400148049452,-3.073753567924966
1.697015090022119,0.6243553115198184,2.879860215762781,0.38981955502300947,1.0595403851845928
-0.343791617698872,0.7067440030617098,0.11819267640000737,0.4994870858636901,-0.24297266411156176
0.19341803524634507,0.9428857383972299,0.03741053635855639,0.8890335156728895,0.1823711069825915
1.2897161554469743,-0.6392288582552713,1.663367761620924,0.40861353322633776,-0.8244237855197474
0.8510973292422517,-0.12280185681866737,0.7243666638432937,0.015080296038112482,-0.10451633236435719
0.7936696521034358,0.30720626376086957,0.6299115166699888,0.09437568849391297,0.24382028848308568
-0.5027581114898617,0.010493232985385488,0.2527657186688522,0.00011010793848558205,-0.005275557999155532
